producto,cliente,fecha,cantidad,precio
15,1310,2016-9-16,2,105
111,751,2018-5-25,2,149
105,751,2016-6-21,2,162
260,467,2017-6-12,3,170
145,867,2019-6-22,2,115
136,983,2020-3-15,3,138
135,1608,2015-1-16,3,133
179,1198,2016-2-18,3,115
107,331,2015-5-18,3,178
258,1370,2015-12-21,2,120
299,982,2020-10-12,3,176
62,576,2015-10-11,1,173
148,1737,2015-10-20,2,121
259,529,2020-3-18,3,147
101,440,2017-6-6,3,157
62,907,2019-6-11,3,170
68,1279,2020-2-8,3,99
59,568,2016-6-13,1,104
71,1514,2019-11-19,1,104
257,980,2020-1-13,1,93
118,1546,2020-8-26,3,135
2,1248,2015-5-17,1,114
216,349,2020-3-5,1,177
204,1746,2016-2-4,2,102
288,1087,2015-3-15,1,99
1,1181,2018-11-5,2,111
14,1723,2020-7-24,1,138
149,997,2015-7-10,1,106
286,957,2016-9-6,2,104
26,1042,2015-1-16,1,138
277,431,2018-12-4,1,151
284,1123,2017-5-6,1,125
86,791,2019-9-8,3,125
281,1148,2015-8-22,2,166
58,691,2015-6-17,1,105
93,554,2018-3-22,3,108
48,1339,2020-3-25,3,116
157,1131,2017-4-1,2,95
192,1384,2020-6-15,3,171
131,1662,2020-8-13,1,149
117,532,2015-7-22,2,141
146,396,2018-10-7,1,108
30,316,2015-3-16,1,180
239,1404,2020-9-26,1,136
177,805,2016-12-11,3,92
123,381,2018-10-24,1,172
141,1046,2018-1-20,2,141
178,1138,2017-7-4,2,147
264,1708,2020-9-3,3,132
193,1053,2015-2-19,1,147
129,476,2019-3-9,1,103
306,1509,2016-10-12,3,178
127,1754,2017-4-12,2,125
79,401,2019-5-4,2,163
158,389,2019-2-5,1,111
53,928,2018-5-28,3,93
227,1426,2015-7-8,1,107
164,537,2016-5-16,3,128
253,1056,2015-1-14,2,141
261,1565,2016-11-27,2,119
30,961,2015-10-19,1,90
164,343,2016-6-28,3,175
137,1233,2018-12-1,1,162
36,442,2016-4-26,2,178
220,686,2016-2-15,3,102
305,898,2016-11-19,1,127
22,490,2018-12-11,3,163
43,1010,2016-1-13,2,141
304,1077,2015-7-26,2,107
217,1223,2019-4-19,2,150
106,1266,2016-10-7,3,138
300,767,2019-12-21,1,146
160,1648,2016-5-26,3,145
226,1160,2020-3-3,1,175
145,378,2020-8-9,1,126
239,1729,2018-7-21,3,117
276,326,2017-4-1,1,94
299,942,2016-8-28,3,148
94,1359,2020-8-26,2,141
28,705,2017-4-1,1,143
173,1164,2018-8-18,2,132
88,1290,2016-1-11,2,146
6,591,2020-11-2,2,100
116,556,2019-8-6,2,164
51,1514,2019-6-7,3,113
213,570,2015-11-14,2,118
202,1533,2017-6-6,1,156
152,1722,2015-5-20,2,153
25,1653,2019-4-22,1,100
48,1781,2019-1-7,3,118
13,1161,2018-3-2,2,99
49,1520,2015-2-15,2,129
42,895,2017-6-13,3,153
43,829,2016-10-19,2,159
40,1312,2015-6-8,3,122
194,1221,2018-6-2,3,174
164,785,2019-1-21,3,148
170,1235,2018-2-24,2,93
24,623,2020-12-19,3,154
261,1209,2020-11-17,2,132
86,1740,2015-10-28,2,109
84,1085,2018-5-28,3,132
170,1071,2020-11-15,1,137
230,404,2016-2-18,2,169
263,1274,2016-5-15,3,165
286,688,2018-12-26,3,160
65,355,2020-6-10,2,116
260,1432,2018-8-14,1,150
139,422,2019-12-5,1,99
149,1535,2020-2-20,2,108
208,1348,2019-8-25,1,140
168,896,2017-12-15,2,180
265,1514,2020-7-24,1,141
15,1295,2016-4-28,2,126
82,843,2020-1-7,2,145
45,1804,2018-3-20,1,113
305,1105,2020-4-24,2,102
198,648,2018-5-28,1,125
109,505,2019-7-8,3,106
64,648,2020-9-17,2,121
6,1606,2018-4-16,1,153
113,390,2018-9-11,2,116
146,1655,2017-10-8,1,128
191,1694,2019-10-7,3,144
171,1601,2017-12-8,2,99
257,1294,2020-7-5,2,142
62,436,2018-5-25,2,127
40,1525,2016-2-11,2,157
60,1238,2016-4-5,3,128
250,1766,2018-3-11,2,103
157,798,2020-11-6,3,127
159,895,2020-5-9,3,122
302,1240,2017-2-17,1,121
184,387,2016-5-14,2,152
94,456,2017-1-9,2,91
263,861,2016-4-21,3,135
55,749,2015-4-6,3,162
137,959,2015-10-28,3,111
23,1504,2016-12-11,1,143
169,727,2015-4-14,3,151
164,1041,2015-5-4,3,151
193,1691,2017-10-8,3,130
229,349,2015-4-28,3,112
11,1128,2019-7-18,3,101
47,570,2019-1-17,3,168
164,1120,2018-5-18,1,93
115,372,2015-2-9,3,158
244,1666,2017-10-25,3,138
117,1322,2015-2-27,2,154
42,401,2016-11-6,2,178
292,912,2018-3-17,2,107
167,1768,2018-9-9,2,146
104,623,2016-3-18,1,139
266,1508,2019-7-13,3,178
48,1637,2019-6-18,3,155
61,1467,2019-11-10,1,138
30,751,2020-2-27,2,126
149,883,2020-7-22,3,141
50,1261,2019-9-1,2,175
258,564,2018-7-4,2,125
144,1626,2015-12-22,2,115
158,1455,2020-3-10,2,165
75,776,2017-11-5,1,122
193,1107,2018-9-6,2,150
168,1238,2017-3-8,3,123
191,425,2017-11-16,2,176
171,1475,2020-5-9,2,112
115,847,2015-10-16,3,164
275,1637,2019-5-28,3,102
112,1557,2020-6-16,3,170
191,948,2018-9-12,2,147
145,799,2015-11-18,2,163
140,924,2016-2-11,2,123
176,1154,2020-3-27,1,165
200,1582,2017-5-15,3,146
219,1700,2017-9-6,2,178
119,1025,2018-6-23,3,149
307,718,2020-10-22,1,172
166,1728,2019-9-15,1,111
155,1633,2019-12-22,3,93
177,1410,2017-10-24,2,176
302,1700,2018-7-21,3,114
76,1732,2018-5-21,1,173
111,1166,2018-3-22,1,94
8,955,2018-8-7,2,173
246,1538,2020-4-27,3,139
81,413,2017-8-9,3,134
121,337,2020-4-8,2,91
49,1738,2015-5-7,3,94
102,1535,2020-3-16,2,115
308,1297,2019-10-11,2,162
248,879,2018-1-8,2,144
215,341,2018-8-23,2,132
151,930,2017-3-27,2,174
110,1558,2017-12-4,3,139
309,974,2019-4-25,3,176
56,1515,2018-6-9,3,106
174,1793,2015-10-28,2,163
46,999,2016-9-6,1,158
13,904,2018-12-14,1,132
9,1082,2020-8-2,2,91
93,1691,2016-4-14,3,107
195,823,2015-10-8,3,105
151,324,2016-1-7,1,91
180,1440,2019-10-3,3,142
6,1764,2020-5-24,1,157
100,552,2019-12-20,1,136
214,917,2015-11-20,2,99
295,1786,2017-12-27,3,109
165,1684,2019-6-8,1,127
55,1005,2020-3-17,3,142
251,1513,2015-7-26,2,101
108,373,2016-8-16,3,97
11,1120,2018-10-5,1,165
66,1180,2018-4-18,2,175
146,1783,2020-8-2,3,157
10,1068,2017-4-13,3,164
85,1595,2018-1-19,1,117
37,1586,2020-9-5,2,93
35,1378,2018-1-15,3,133
118,462,2020-7-4,3,96
186,1807,2018-3-17,3,141
187,1734,2019-3-19,1,179
166,411,2018-5-14,1,122
113,354,2019-6-5,2,92
139,659,2016-11-28,2,126
305,951,2018-5-22,2,125
25,887,2020-7-1,1,123
84,719,2016-10-20,3,127
267,918,2019-3-14,3,130
39,1516,2018-10-2,3,176
37,1179,2019-10-16,3,159
210,1035,2019-4-18,2,166
160,1093,2019-12-22,3,152
250,1323,2016-1-7,3,139
108,1356,2020-5-8,2,175
173,1804,2015-3-25,2,121
140,719,2016-8-22,3,93
180,809,2016-1-19,2,126
104,1584,2017-11-1,3,171
269,1672,2016-5-22,3,163
152,378,2019-1-3,2,178
131,836,2020-5-28,2,144
139,541,2019-4-21,1,102
33,1654,2015-5-19,1,164
268,916,2019-9-11,3,90
259,940,2019-4-7,2,129
45,1640,2018-2-19,1,121
65,1304,2017-6-13,3,121
21,348,2019-9-27,1,128
163,1039,2016-8-7,3,117
277,1566,2015-12-9,1,171
169,974,2019-5-5,3,142
125,1566,2020-1-19,2,162
167,1645,2015-11-11,3,93
262,1429,2020-4-25,2,157
270,345,2020-4-13,1,138
8,1009,2017-9-18,3,175
134,1510,2019-8-1,3,163
130,1543,2015-7-17,3,117
14,481,2016-12-15,1,106
119,468,2018-4-20,3,159
64,1312,2018-9-19,3,168
178,1089,2017-12-8,1,115
160,1363,2019-2-3,2,117
86,1293,2018-12-26,1,131
211,1602,2020-10-4,3,93
149,593,2018-11-28,1,128
259,666,2016-5-27,3,136
197,697,2016-2-13,2,175
136,1598,2015-3-1,3,141
205,1391,2018-6-19,2,168
53,481,2016-2-6,2,93
36,905,2019-2-1,3,115
265,1275,2017-1-22,3,105
145,359,2016-11-12,1,160
50,1700,2017-9-27,3,155
156,872,2017-1-28,1,140
84,1782,2017-6-27,3,138
274,432,2017-3-25,2,120
170,925,2016-4-12,2,115
181,724,2016-7-20,3,92
90,775,2018-5-7,2,172
98,480,2020-6-21,3,171
217,1510,2015-4-9,1,136
267,1060,2020-12-3,3,114
290,1577,2015-7-23,1,160
281,351,2016-3-21,2,171
173,1219,2015-8-22,2,180
22,1172,2018-8-12,3,165
170,854,2017-3-19,1,146
130,371,2016-8-3,3,124
174,915,2016-10-6,1,109
267,651,2017-10-6,2,146
183,1515,2015-7-17,3,106
143,846,2017-11-19,3,156
221,827,2019-11-13,3,137
143,1266,2019-6-1,1,157
245,1065,2016-6-16,3,152
12,516,2020-5-16,1,110
127,1072,2018-8-12,1,101
123,874,2018-11-27,1,94
221,878,2020-9-10,2,124
28,1650,2020-3-5,1,124
182,446,2019-11-22,3,121
151,1492,2019-9-3,2,156
150,1553,2019-8-23,1,110
191,878,2017-9-2,3,144
107,1386,2016-6-24,2,179
171,1030,2018-8-7,2,139
78,1049,2019-9-1,3,93
145,488,2017-3-14,2,128
201,1528,2019-6-17,3,179
39,499,2017-1-24,3,134
13,637,2019-12-11,3,131
215,382,2017-1-9,2,103
169,392,2020-3-20,2,147
156,360,2015-6-17,3,178
229,1498,2017-1-9,2,114
191,420,2020-6-13,1,123
5,993,2019-5-15,2,177
59,1470,2018-3-8,3,94
101,357,2017-2-24,3,106
103,324,2017-7-13,2,142
269,989,2020-3-16,2,101
185,1370,2017-5-2,3,120
296,1521,2015-6-4,1,136
183,364,2020-12-16,3,180
305,1437,2019-5-28,3,144
127,952,2015-3-9,2,174
36,1024,2020-12-9,1,96
72,1405,2016-5-3,1,97
260,807,2016-3-24,3,90
193,1800,2018-7-10,1,153
261,1711,2015-8-4,2,171
124,1433,2017-10-18,3,138
137,554,2018-5-21,1,161
213,729,2018-10-13,2,108
1,704,2017-1-23,1,178
299,1011,2020-8-23,3,172
245,1330,2016-4-14,2,120
157,1791,2020-11-23,3,136
226,1019,2016-10-4,2,113
66,627,2017-6-25,2,115
138,343,2017-6-14,2,130
110,1255,2017-9-24,3,176
87,913,2020-11-21,1,99
5,669,2019-2-10,1,90
19,797,2019-11-28,1,164
278,684,2016-3-26,3,135
49,634,2017-10-25,2,94
57,778,2018-5-25,1,144
184,552,2020-9-14,3,93
168,1534,2019-12-10,3,146
241,711,2019-5-4,1,106
158,1050,2019-2-20,2,157
141,766,2015-1-16,1,94
130,1766,2017-6-8,3,132
232,800,2020-5-20,3,173
133,1540,2019-4-12,3,138
301,1181,2015-8-2,3,114
10,661,2015-6-28,2,147
234,732,2015-5-3,2,145
269,1230,2016-10-26,3,174
150,1109,2017-4-28,1,152
168,1660,2017-8-23,1,139
301,1038,2015-6-1,3,156
292,1058,2017-4-23,2,119
253,1746,2016-1-7,2,100
69,1176,2015-11-15,3,95
85,1567,2020-10-3,3,126
239,1283,2015-10-16,1,156
7,574,2019-6-15,1,111
101,1391,2016-1-8,2,162
239,1142,2019-9-15,2,107
160,865,2020-9-4,3,137
57,394,2019-6-13,3,152
9,1219,2018-10-1,1,104
210,802,2020-3-8,2,123
36,1698,2018-3-28,2,122
116,919,2018-10-17,3,140
169,1590,2015-7-4,3,114
113,673,2015-12-22,2,138
302,896,2015-1-26,2,157
65,788,2020-2-6,1,131
276,359,2019-2-13,1,115
14,874,2018-5-14,1,166
277,946,2015-8-15,1,109
296,1029,2017-1-21,1,126
272,1631,2016-5-22,2,166
213,1063,2016-12-10,1,152
77,412,2015-8-24,3,177
257,632,2020-12-14,2,176
55,837,2020-12-11,2,111
260,1296,2015-7-19,1,174
54,415,2018-11-28,2,123
11,758,2016-6-26,2,139
66,403,2016-6-18,1,125
90,1318,2018-6-28,1,95
35,1474,2015-12-3,1,93
300,498,2017-5-23,2,94
210,1367,2018-4-8,3,120
20,1668,2019-6-9,3,93
188,812,2016-10-19,2,109
82,1639,2016-7-27,3,120
83,1249,2019-12-14,3,112
214,1158,2015-11-4,2,175
195,1515,2018-1-15,3,176
196,1547,2019-5-15,3,119
303,471,2018-7-4,2,135
194,1763,2017-6-19,2,104
39,1494,2019-8-7,1,156
284,988,2016-6-19,3,152
6,1545,2017-7-17,1,179
142,350,2016-11-20,1,162
184,885,2019-11-3,2,149
116,1612,2015-6-12,1,93
274,1231,2017-3-3,1,111
237,378,2018-4-26,3,111
242,1068,2015-5-8,2,162
24,1775,2018-7-17,1,179
217,1695,2018-4-14,2,162
168,1320,2016-12-20,1,121
164,683,2015-2-24,2,166
21,928,2015-12-20,1,175
70,714,2016-12-27,2,130
224,960,2020-10-24,1,141
264,976,2019-11-20,2,134
77,1038,2017-7-14,3,104
96,1249,2018-4-22,2,112
192,1547,2016-5-6,3,95
19,1006,2017-2-28,2,176
305,752,2017-3-27,3,164
204,1669,2018-11-25,3,111
9,970,2015-2-12,2,173
225,671,2015-7-2,1,102
2,965,2019-11-6,3,103
293,1196,2017-10-10,3,98
145,1577,2018-7-26,3,116
212,1154,2018-4-5,3,178
177,926,2020-8-7,2,128
107,525,2015-1-9,3,115
14,740,2019-7-6,1,99
45,325,2016-4-11,3,156
238,1678,2019-9-19,1,129
105,373,2016-3-2,3,118
211,900,2019-9-27,3,133
71,689,2019-11-23,3,108
149,1341,2020-1-5,3,121
190,535,2018-9-24,1,125
211,524,2016-4-2,2,175
245,437,2019-11-27,1,177
248,1086,2018-7-11,2,114
147,1291,2020-5-24,3,154
48,801,2018-5-26,1,179
193,637,2019-4-7,1,169
206,625,2018-11-16,3,168
292,334,2017-10-3,3,117
126,1262,2020-10-7,2,168
119,1543,2018-8-24,1,163
295,579,2015-10-15,2,176
38,577,2015-7-15,1,153
70,658,2020-9-22,3,128
206,1479,2015-5-23,2,105
215,760,2018-8-14,1,173
288,1527,2015-9-17,2,171
300,1002,2016-8-4,3,167
215,1618,2016-11-15,2,157
256,713,2020-7-18,1,92
207,1076,2017-6-24,1,95
117,1546,2015-1-25,1,154
300,963,2017-7-2,2,123
159,1202,2017-6-7,2,147
17,1299,2017-7-11,1,116
135,1751,2015-11-17,2,99
56,1148,2015-9-16,3,148
101,1381,2015-6-27,3,149
194,569,2018-1-25,3,168
266,1390,2019-11-28,1,93
77,1141,2015-9-13,3,164
103,955,2017-9-20,1,99
121,928,2018-8-18,3,145
159,1446,2017-1-1,3,167
45,705,2018-9-1,1,110
253,373,2019-9-2,3,94
193,893,2018-9-9,1,159
219,756,2015-12-3,3,153
199,1411,2018-1-3,1,103
126,428,2019-5-6,3,132
187,1446,2020-6-23,1,118
66,1573,2015-4-23,2,110
185,1742,2019-10-27,2,140
97,1070,2018-9-2,1,96
252,676,2016-8-14,1,128
288,1281,2017-12-27,1,110
229,1220,2019-10-13,2,167
258,1269,2019-8-6,1,109
270,1580,2017-9-21,1,121
92,1366,2018-4-10,3,170
77,712,2020-1-7,1,159
140,1449,2019-12-27,2,123
5,1221,2016-9-11,2,161
274,1589,2017-12-17,3,126
142,450,2015-7-11,3,109
206,1264,2017-10-15,1,136
174,1446,2016-6-2,2,144
52,871,2020-12-21,1,101
103,1451,2020-3-19,2,112
46,1357,2018-7-25,1,120
304,1497,2016-4-18,2,125
39,429,2017-11-7,1,107
8,903,2015-8-27,2,110
293,1238,2015-9-25,1,170
250,902,2020-1-16,1,125
21,1057,2016-2-18,3,124
43,702,2017-6-18,1,172
67,997,2017-8-20,3,104
182,528,2015-4-6,2,179
74,632,2015-10-23,2,128
193,654,2018-9-17,1,162
149,796,2020-5-8,3,138
102,1282,2015-8-23,3,169
219,1506,2019-7-23,2,132
146,965,2018-10-16,3,105
101,1352,2017-4-2,1,141
295,380,2020-8-19,2,99
129,394,2019-2-15,2,180
154,429,2020-2-17,2,141
139,601,2019-9-24,1,107
34,1650,2018-7-5,3,158
247,1111,2020-6-26,3,98
133,1786,2016-1-17,3,165
25,1206,2018-12-8,2,90
204,1804,2020-2-4,2,132
247,715,2018-9-23,3,161
188,1038,2018-2-19,3,103
50,762,2019-1-11,2,102
251,560,2018-12-23,2,146
17,1570,2017-12-2,1,114
69,442,2017-1-14,1,95
35,764,2020-9-19,3,124
190,1465,2019-10-28,3,111
270,1243,2015-12-28,3,146
17,1278,2020-8-19,3,137
177,1785,2018-2-21,1,177
7,1205,2020-4-26,1,152
184,357,2015-8-25,3,155
279,362,2016-11-27,2,92
140,1270,2016-6-22,1,145
87,1568,2016-5-28,2,130
132,623,2018-9-27,3,175
288,1558,2020-5-6,1,164
104,1422,2020-12-6,1,103
219,1698,2016-12-19,1,176
274,697,2016-12-8,3,138
62,510,2019-10-7,1,91
182,877,2019-1-27,3,153
79,1075,2017-3-2,3,128
258,1339,2019-7-11,2,95
88,931,2019-12-6,2,179
176,600,2020-8-15,3,135
144,613,2020-6-26,3,172
188,489,2016-4-25,1,136
297,820,2020-11-10,2,172
295,913,2020-10-8,1,177
133,1062,2016-10-26,1,157
205,1408,2017-5-19,3,97
107,1039,2016-2-22,2,164
167,522,2019-7-10,3,177
153,1767,2020-1-16,3,123
41,442,2016-10-11,1,96
216,635,2019-3-1,1,143
240,1058,2016-5-10,1,144
79,1660,2016-4-18,3,92
296,638,2020-5-21,1,176
81,896,2017-4-8,1,127
305,396,2017-5-12,1,139
95,1149,2015-6-9,3,95
131,1628,2016-12-17,2,142
119,510,2019-3-28,3,136
155,1316,2019-5-3,2,172
247,1394,2017-11-18,2,168
184,1594,2017-3-24,3,105
279,1264,2019-2-26,3,107
240,1090,2018-1-28,1,104
198,706,2020-3-15,2,92
183,469,2017-3-8,3,129
155,1592,2015-1-10,2,129
87,548,2016-7-4,2,146
189,1084,2018-6-9,2,131
189,720,2020-1-16,1,103
161,1802,2020-9-1,1,161
31,952,2015-11-26,1,156
33,1138,2017-10-25,3,176
139,1579,2019-5-16,3,128
260,1659,2018-1-19,1,109
50,1203,2016-3-9,2,121
204,1398,2019-6-3,1,164
125,1490,2016-9-13,2,113
122,1493,2016-3-23,3,143
142,339,2016-11-15,3,173
156,1187,2015-5-2,2,93
223,1796,2017-1-6,1,95
226,797,2015-3-5,3,94
4,1771,2017-9-23,1,179
239,1475,2016-7-23,1,150
49,829,2020-4-21,1,176
193,1276,2019-5-2,2,163
9,323,2020-1-4,1,103
257,1291,2015-5-8,1,179
247,1005,2017-6-7,1,177
193,1545,2015-4-13,1,145
103,825,2018-9-18,3,145
106,428,2020-5-3,3,119
307,885,2019-9-15,3,148
232,643,2019-5-27,2,106
96,899,2019-8-27,3,171
141,864,2016-3-24,2,108
63,1361,2015-11-20,3,128
52,740,2016-3-13,3,179
136,938,2016-4-20,3,115
104,917,2015-1-16,2,109
175,1162,2015-2-6,3,108
289,1366,2020-4-16,1,159
4,1394,2017-12-4,1,134
303,1305,2019-12-1,3,122
40,1800,2015-12-5,2,166
76,637,2020-7-1,2,112
222,1102,2015-5-10,3,144
231,861,2018-1-2,2,170
69,1360,2019-4-17,2,104
235,390,2017-11-8,3,139
208,1646,2020-11-5,3,158
214,1761,2018-8-4,3,161
227,1134,2018-10-25,3,140
198,1281,2020-9-12,3,107
279,1163,2017-6-11,2,105
19,1700,2018-9-21,2,134
279,646,2017-2-21,2,91
305,765,2019-1-16,2,139
121,1422,2018-10-17,1,115
223,482,2017-11-23,3,135
6,904,2018-3-9,2,118
68,978,2018-2-24,1,146
183,1668,2018-12-26,1,101
142,553,2020-10-10,2,114
95,481,2018-2-10,1,121
227,947,2016-2-12,1,177
230,376,2019-2-5,3,106
81,1551,2017-9-9,1,155
170,1048,2016-8-9,3,128
276,556,2019-5-19,3,171
144,876,2016-11-16,2,132
217,1412,2018-3-22,2,134
63,470,2019-6-3,1,133
5,1069,2017-4-7,1,119
226,1276,2017-11-19,2,150
142,1596,2016-11-21,2,108
86,1280,2020-8-20,1,112
202,1547,2017-12-20,1,95
272,1577,2015-7-18,2,172
302,1490,2019-4-12,2,158
232,1103,2015-5-23,1,170
168,755,2016-8-13,2,150
78,1557,2015-3-10,2,148
255,471,2020-2-16,3,164
65,494,2017-12-10,2,156
155,726,2017-11-6,1,132
260,1747,2017-11-14,3,112
60,596,2019-5-12,1,158
59,615,2017-9-27,2,167
51,846,2020-9-5,2,131
199,655,2016-3-20,2,120
107,800,2018-12-17,3,96
244,353,2015-3-14,3,171
29,354,2017-4-3,3,161
165,398,2018-7-16,1,165
141,899,2017-2-14,2,165
140,565,2019-2-22,3,154
169,847,2015-12-17,1,132
12,1448,2018-1-14,1,138
173,622,2017-6-10,2,139
29,1615,2019-3-26,2,151
95,1356,2019-9-15,1,171
264,909,2018-11-25,1,119
208,738,2020-11-3,1,172
105,633,2016-2-7,2,168
234,731,2018-12-20,3,92
244,1017,2016-8-18,3,177
88,1762,2020-6-12,3,145
100,1612,2018-6-24,2,144
54,1013,2016-5-3,2,170
218,480,2018-4-26,2,172
187,1548,2020-9-2,3,156
130,983,2017-5-18,3,134
291,1130,2015-11-11,2,121
24,781,2018-2-1,3,95
260,1419,2015-7-20,3,147
45,1673,2015-6-26,1,174
262,632,2015-5-5,1,121
291,1192,2015-5-15,2,160
246,834,2020-10-23,3,119
259,918,2018-10-11,1,129
91,830,2017-4-8,3,146
162,478,2020-4-3,3,161
265,853,2020-6-28,1,149
259,670,2018-3-16,3,126
150,554,2019-1-2,1,137
69,613,2015-4-21,1,124
35,1509,2017-7-2,3,116
174,944,2015-4-15,3,167
299,1337,2017-2-4,3,131
127,805,2018-9-18,1,146
25,919,2017-11-12,3,120
111,721,2016-7-25,3,156
99,692,2015-5-25,1,103
70,1149,2019-9-12,3,169
291,776,2015-12-16,3,119
275,730,2016-12-21,3,135
177,1666,2015-9-19,3,147
236,926,2017-9-4,2,156
225,1064,2016-11-10,3,133
234,485,2018-2-12,1,139
72,1213,2020-9-23,1,174
272,1346,2015-8-22,2,147
58,1615,2018-6-26,2,160
43,801,2019-1-28,3,165
167,1403,2017-8-15,1,96
164,1415,2016-3-12,1,167
95,792,2017-2-25,3,142
158,1327,2017-6-12,1,107
180,1317,2019-11-22,2,179
198,1602,2015-1-5,2,179
213,320,2016-8-2,2,146
278,1219,2016-4-8,3,114
126,416,2016-5-15,2,174
149,1102,2016-7-16,2,144
307,1461,2019-2-18,2,101
239,1037,2020-8-6,1,164
58,459,2016-10-16,1,163
306,1708,2017-8-18,3,111
201,1373,2016-8-23,1,171
88,1349,2018-7-24,1,105
238,509,2017-9-19,2,171
204,623,2017-6-18,1,95
284,679,2020-7-1,3,146
186,1132,2018-11-25,2,145
199,731,2016-1-7,1,137
178,978,2015-3-14,3,174
55,378,2019-2-3,1,117
306,691,2020-7-1,1,143
174,1190,2020-5-18,3,99
131,401,2015-1-4,1,175
310,391,2016-7-20,3,138
184,1683,2015-1-21,2,175
118,496,2015-9-10,3,126
242,1586,2018-10-9,3,155
43,572,2018-3-11,2,171
53,1133,2019-11-11,1,159
262,1538,2017-3-6,1,127
151,618,2015-5-13,3,143
53,691,2015-11-22,2,153
178,1440,2017-6-17,1,98
59,1244,2020-5-3,2,100
187,1163,2020-6-18,3,118
240,1387,2017-1-5,2,169
128,877,2020-11-28,1,161
85,1122,2017-9-9,3,168
143,632,2019-12-6,2,167
35,1205,2016-5-6,3,165
66,441,2020-1-5,2,141
21,504,2018-1-13,2,176
26,1498,2015-3-6,3,139
276,1347,2018-9-12,2,164
88,610,2017-11-4,1,94
272,717,2018-12-21,1,138
246,1672,2020-3-13,3,119
268,799,2020-4-18,2,106
229,1138,2017-8-22,2,106
195,1028,2020-9-4,1,99
235,644,2017-10-28,2,114
173,1001,2015-3-20,3,93
95,946,2016-7-2,1,135
294,985,2017-5-2,2,105
45,504,2018-6-10,3,137
290,1748,2020-4-4,2,133
42,1469,2018-11-16,1,142
146,860,2016-9-25,3,170
248,537,2016-10-27,1,165
179,945,2019-5-22,3,160
89,450,2018-4-22,1,135
17,660,2018-1-24,1,113
169,1142,2018-3-14,2,109
227,851,2018-1-27,2,154
141,670,2016-6-16,3,159
48,1221,2020-10-4,1,101
260,1173,2018-4-16,2,108
56,867,2017-4-19,2,134
102,1021,2019-9-27,3,98
155,611,2016-1-17,2,135
288,1573,2017-2-4,1,154
154,1359,2017-1-8,3,134
42,1481,2015-5-21,2,165
245,591,2016-6-6,3,128
208,703,2020-4-3,2,106
233,1436,2017-2-21,1,132
10,704,2018-9-19,1,177
239,1100,2015-7-22,3,156
268,1299,2020-7-1,3,180
10,492,2018-3-28,2,161
166,325,2018-2-28,2,174
99,665,2015-2-1,3,176
86,1721,2020-9-19,3,179
157,713,2018-11-22,2,124
197,940,2019-1-7,3,97
250,857,2017-8-23,1,166
175,909,2017-7-11,2,173
278,631,2019-9-28,3,139
295,836,2015-11-5,3,108
306,813,2020-7-9,2,166
277,399,2017-1-17,1,123
117,1135,2019-3-4,1,150
48,1595,2020-11-10,1,115
27,1025,2017-4-27,2,111
150,1263,2015-10-16,2,166
270,1215,2016-3-27,1,124
282,1076,2019-7-27,3,111
200,1481,2017-1-27,2,132
24,1446,2018-12-22,1,96
197,1531,2020-7-24,3,166
228,1013,2017-10-24,1,177
268,863,2018-4-24,3,162
53,1223,2019-1-6,2,140
276,696,2018-9-19,3,113
157,1073,2015-1-12,2,108
256,1394,2019-10-13,2,102
303,328,2015-7-3,3,95
284,1463,2015-9-5,3,180
250,684,2019-7-25,2,149
39,995,2020-1-13,3,142
21,775,2016-4-3,2,112
217,804,2018-2-18,3,94
3,1245,2019-3-28,1,164
231,765,2019-2-4,2,96
81,456,2016-7-24,3,100
222,573,2017-6-1,3,106
222,1031,2018-6-2,2,114
6,356,2018-3-25,3,128
153,1724,2018-12-12,3,163
296,1259,2020-3-18,2,107
33,1631,2020-11-14,2,156
216,610,2020-4-15,2,132
133,1542,2018-12-1,1,128
161,1519,2017-1-2,3,140
305,655,2016-1-1,1,114
264,369,2018-12-25,2,132
1,1560,2019-12-11,2,169
167,407,2018-1-8,3,180
124,1711,2017-4-18,1,177
142,633,2020-9-15,3,114
127,585,2016-1-18,3,138
37,1419,2017-9-28,2,105
95,1273,2020-3-9,1,177
282,1746,2019-8-12,1,105
254,428,2018-9-6,2,127
90,1162,2017-12-24,1,103
38,1001,2018-8-22,1,139
217,1523,2016-12-1,2,168
232,904,2020-10-11,2,157
246,603,2015-6-6,3,92
302,1477,2019-11-13,2,156
226,712,2018-8-10,3,111
28,1033,2019-1-3,3,142
129,1013,2017-7-21,1,148
43,947,2019-7-26,3,135
157,1380,2020-2-21,1,153
226,970,2017-10-1,2,137
130,891,2018-1-6,2,170
103,1757,2018-6-11,1,174
155,776,2016-1-2,1,145
27,1193,2017-12-20,3,108
93,697,2020-9-3,3,100
207,1565,2018-10-23,3,158
156,356,2018-2-28,3,158
67,1190,2017-4-14,3,176
201,427,2018-7-6,1,136
132,1690,2017-7-14,3,154
247,1116,2017-10-1,2,139
211,1594,2016-12-2,3,124
150,556,2019-12-1,1,108
120,1597,2018-4-15,3,149
59,991,2017-5-12,2,111
51,1134,2019-5-10,3,90
229,1520,2019-9-27,1,162
5,493,2017-8-14,3,180
245,952,2017-3-27,1,110
202,721,2016-5-4,2,145
310,439,2020-12-19,1,143
233,870,2015-3-20,2,99
148,1077,2018-7-1,3,168
297,612,2016-8-14,3,108
224,1798,2017-12-14,2,160
160,561,2015-1-3,1,127
194,1193,2018-6-19,3,136
221,1769,2020-11-8,1,158
115,1406,2019-4-5,3,154
233,887,2020-2-17,1,156
175,1761,2016-3-22,2,158
28,363,2018-3-1,2,96
277,860,2017-9-14,3,119
198,480,2018-12-21,2,174
204,1531,2020-3-12,2,175
77,1267,2019-10-19,2,158
284,345,2017-4-22,2,131
135,1588,2016-4-12,2,115
180,1494,2015-3-17,1,160
265,1479,2017-6-17,2,113
279,987,2020-5-19,3,123
226,358,2018-1-11,1,118
208,484,2019-3-14,2,157
63,1442,2018-10-26,1,150
70,512,2016-5-10,3,96
272,1570,2017-4-21,2,116
212,777,2016-8-28,1,157
8,1606,2017-3-21,3,124
273,357,2016-11-28,1,144
27,709,2017-3-8,3,178
108,1803,2020-11-11,3,163
189,333,2018-8-25,3,152
283,1362,2020-3-11,1,117
147,416,2019-1-21,3,172
164,1058,2019-7-10,2,173
224,1276,2020-2-3,3,178
126,1550,2020-2-20,3,104
241,512,2020-8-6,1,142
164,1042,2020-6-12,2,158
201,925,2019-8-5,3,96
305,420,2015-10-17,3,140
229,710,2019-11-23,1,97
97,995,2015-8-12,1,149
283,1163,2018-1-10,1,177
68,1563,2017-4-21,3,165
228,405,2019-11-3,3,130
33,1405,2015-6-9,1,125
88,1554,2019-11-1,3,107
154,1305,2017-3-23,1,117
289,1645,2020-2-25,2,155
229,1164,2018-4-19,3,114
91,1388,2016-9-12,3,148
305,361,2017-5-20,2,144
33,888,2018-8-19,2,172
175,439,2015-10-15,1,131
263,621,2019-12-9,3,102
96,1433,2020-6-13,3,120
73,502,2015-12-24,2,135
218,1695,2019-4-22,1,109
136,888,2018-6-4,1,96
181,920,2018-10-25,3,154
65,768,2019-11-12,3,161
144,448,2018-3-17,3,116
31,1079,2018-2-27,3,143
21,737,2017-5-23,2,129
97,695,2015-3-25,1,120
160,1674,2019-4-10,2,129
160,1235,2018-7-17,1,125
199,1078,2018-2-8,3,132
161,1434,2019-4-5,3,179
144,1430,2019-2-21,1,169
205,536,2015-4-6,1,167
242,1169,2015-7-9,2,136
141,1416,2019-3-24,1,166
271,520,2018-8-5,3,115
285,1681,2017-4-21,1,125
94,358,2018-2-11,1,139
160,473,2018-12-18,1,148
200,1673,2016-9-11,2,122
258,1143,2015-10-13,2,112
192,1624,2019-12-4,2,128
200,1300,2018-6-2,3,104
14,434,2017-2-8,3,130
197,1052,2017-9-26,3,125
156,335,2018-2-25,3,130
128,456,2015-2-17,3,121
53,1550,2020-2-22,1,178
60,373,2017-4-5,3,128
235,743,2018-9-23,1,91
72,900,2016-6-21,1,92
274,391,2015-10-2,3,161
67,1511,2018-7-16,3,115
57,1491,2020-3-2,3,128
1,652,2019-6-1,2,137
201,416,2017-12-3,2,99
162,622,2017-5-19,1,95
132,1005,2018-5-25,3,171
28,1156,2020-6-13,2,90
195,1008,2018-9-18,3,175
185,586,2020-5-4,2,109
73,1358,2016-12-18,1,92
48,1257,2016-4-10,3,168
213,876,2017-4-12,3,158
277,971,2019-8-16,3,98
148,346,2019-9-23,1,106
126,1388,2018-9-3,3,106
209,1016,2015-6-3,1,109
71,1711,2019-10-26,2,127
43,626,2016-1-6,1,91
229,635,2016-3-26,3,127
142,604,2020-2-8,3,158
1,800,2015-1-28,3,143
47,1411,2018-3-10,2,114
158,742,2020-7-25,2,161
218,911,2019-4-21,2,95
68,437,2016-12-16,3,175
165,1804,2017-2-4,3,120
6,913,2017-5-8,3,149
102,1704,2019-5-5,3,127
30,340,2017-9-9,3,152
257,1465,2017-8-13,1,102
106,1377,2020-3-2,3,144
277,1270,2017-9-22,3,102
131,1308,2018-2-8,3,131
62,344,2016-3-15,2,133
219,1686,2016-4-14,3,173
274,558,2017-3-6,3,136
18,1602,2019-11-14,2,115
290,1312,2015-7-9,2,175
167,1576,2019-10-3,3,172
34,1561,2019-7-15,3,157
220,808,2017-5-26,3,128
71,1540,2018-8-12,1,114
91,910,2015-8-2,3,148
253,905,2015-4-24,1,163
148,1530,2018-10-12,2,138
110,1486,2018-3-25,3,164
55,1805,2018-6-3,1,147
76,1170,2020-5-7,1,114
276,1128,2020-11-20,2,99
96,917,2018-1-19,3,90
115,1488,2015-11-9,1,134
182,334,2016-2-23,1,130
250,1047,2019-3-9,2,106
290,825,2015-2-7,1,104
202,665,2016-7-2,1,156
51,1724,2016-5-18,1,154
290,1406,2016-4-4,2,120
137,1122,2017-10-13,3,137
298,1405,2015-6-6,1,129
248,1194,2018-7-22,2,175
287,1602,2016-1-11,2,113
302,937,2015-9-23,2,167
94,1500,2016-5-24,1,177
274,1211,2016-9-17,3,146
159,438,2016-3-8,1,102
149,800,2016-10-8,2,130
45,1123,2019-4-9,3,96
218,1357,2015-11-3,2,147
220,1658,2017-12-16,2,167
252,927,2017-2-19,3,100
212,1378,2015-8-16,2,160
301,682,2019-5-7,3,169
9,1755,2016-1-18,1,119
105,734,2020-5-13,3,178
157,873,2020-9-3,3,179
79,1574,2020-7-28,3,164
117,1430,2019-11-11,2,165
266,1622,2017-11-27,1,91
187,429,2015-2-23,2,158
88,1316,2018-9-14,1,108
190,352,2017-2-10,2,174
237,945,2018-7-8,2,143
49,1303,2019-3-17,1,166
202,614,2015-1-11,3,172
249,606,2020-4-23,2,160
215,1444,2016-8-12,1,165
119,1018,2018-8-3,2,178
159,1387,2020-3-15,2,129
243,1151,2020-10-26,3,177
300,321,2017-9-18,3,174
107,357,2018-12-17,1,134
90,695,2016-5-3,2,113
7,1100,2015-5-22,1,135
28,893,2017-2-12,3,151
282,1013,2016-1-9,2,107
54,1633,2016-9-10,3,153
220,1286,2020-12-10,3,169
178,1689,2017-5-20,3,134
294,598,2018-9-16,2,128
170,1118,2015-10-18,3,160
178,1802,2016-1-17,2,171
25,1547,2020-5-11,1,113
132,821,2015-1-1,1,150
5,853,2017-5-19,3,118
106,532,2017-6-8,1,165
204,1672,2019-3-4,2,160
107,1106,2016-5-28,2,97
259,384,2018-5-22,2,98
153,1153,2018-9-1,1,93
140,807,2016-9-17,2,147
63,756,2018-7-2,1,91
298,1450,2015-3-15,2,162
243,1180,2018-6-2,1,122
254,479,2016-6-8,2,132
145,912,2020-8-26,3,105
250,441,2018-6-20,2,100
8,1224,2018-11-3,2,155
66,511,2016-7-26,2,100
134,1638,2015-7-20,2,147
24,1523,2016-4-15,1,131
216,995,2016-4-3,3,126
168,1217,2020-9-3,2,123
305,834,2020-8-3,2,159
227,1100,2019-12-10,3,119
133,1417,2016-6-28,1,167
306,1427,2017-10-8,2,96
20,928,2018-2-2,1,112
57,1457,2020-2-16,2,134
194,1247,2019-8-9,2,140
118,1659,2017-3-21,1,111
307,1457,2018-11-6,3,173
108,1524,2017-2-21,1,171
125,1691,2019-12-27,2,135
119,986,2018-5-15,1,177
137,1066,2020-2-6,2,168
22,871,2017-10-7,3,120
153,1228,2020-4-3,3,93
189,1254,2019-9-3,2,177
188,1344,2020-12-4,3,103
224,554,2015-4-20,3,154
2,1180,2015-5-23,1,123
225,1507,2019-10-8,2,174
263,562,2020-9-8,2,94
150,1123,2018-12-28,2,180
222,512,2018-4-22,2,162
132,1595,2015-1-18,2,140
112,1478,2017-8-24,1,163
300,1547,2016-7-14,1,155
39,874,2018-4-17,3,91
230,542,2020-2-18,2,179
134,1748,2017-11-4,3,128
95,485,2017-2-24,1,119
191,582,2015-6-8,1,156
272,1392,2018-4-12,1,168
92,1284,2018-12-18,3,131
252,746,2015-8-14,3,115
267,1458,2015-8-3,1,114
40,1324,2018-8-4,3,112
30,508,2015-2-11,1,160
188,928,2019-11-11,3,150
47,869,2019-3-11,2,168
11,873,2016-12-13,1,98
36,469,2020-6-28,2,140
112,1579,2017-9-24,2,129
112,1256,2017-1-1,1,125
3,715,2018-11-10,3,99
84,1621,2018-10-15,1,179
150,886,2019-10-7,2,117
29,1054,2017-8-24,2,96
42,949,2017-10-2,3,135
268,1773,2017-9-20,2,110
176,1681,2017-2-18,2,109
302,1099,2018-10-13,2,100
234,882,2018-2-13,3,94
217,1804,2016-10-14,2,92
279,1200,2018-3-2,3,135
48,929,2016-1-9,2,151
212,814,2015-7-7,3,164
294,1144,2018-1-23,3,163
82,1784,2020-10-26,1,132
248,824,2016-9-21,3,141
213,1325,2018-9-11,3,155
209,1340,2019-7-6,2,131
276,829,2017-9-11,1,106
246,1431,2019-5-15,2,171
238,1034,2020-3-16,1,121
140,1648,2015-5-24,2,128
233,500,2020-8-24,1,157
291,986,2018-7-18,2,155
188,1774,2015-4-6,3,107
90,604,2016-7-24,3,102
267,1316,2015-11-21,2,147
181,385,2019-1-22,2,96
14,1580,2017-10-24,3,144
25,903,2020-7-13,2,180
84,917,2017-1-23,1,119
26,1216,2016-9-22,3,163
61,1802,2018-2-6,1,158
212,1149,2020-1-12,3,121
274,330,2017-11-4,2,140
134,825,2016-2-9,2,103
50,1096,2016-7-3,3,110
72,1085,2017-8-3,1,106
284,1274,2015-12-26,1,124
60,577,2019-3-1,3,174
219,1423,2019-10-23,1,150
116,1410,2015-3-15,3,124
52,1504,2016-3-6,1,132
13,666,2020-12-19,1,168
189,1099,2015-7-9,1,120
292,1046,2020-2-20,3,110
238,867,2019-11-20,1,162
135,1091,2015-6-1,1,161
156,1283,2018-12-22,2,129
24,1424,2015-4-8,1,106
42,682,2019-5-28,1,121
114,372,2015-11-9,3,131
59,1168,2017-5-26,3,133
235,847,2017-4-10,1,168
103,1731,2020-9-18,2,107
202,1040,2018-9-14,2,103
115,1458,2015-9-3,1,177
217,1381,2020-2-6,1,161
238,504,2020-5-18,1,164
1,1114,2016-6-23,2,93
209,1560,2015-9-2,2,108
239,1486,2015-9-3,1,145
164,491,2016-6-20,1,115
294,966,2015-10-18,2,156
208,1213,2020-2-28,3,115
98,1665,2018-9-4,3,144
49,705,2017-6-7,3,142
217,834,2017-10-2,2,171
91,1560,2016-3-23,2,131
119,897,2017-3-8,2,178
265,1149,2017-7-19,1,123
86,723,2017-7-23,1,116
215,987,2019-7-25,1,169
116,435,2016-9-18,2,152
141,334,2019-7-3,3,140
157,447,2015-6-16,2,114
40,1748,2019-12-5,3,146
160,1211,2016-12-24,1,158
140,499,2020-10-27,1,164
12,762,2020-12-16,1,116
274,718,2019-10-22,1,165
138,1661,2017-6-14,2,147
181,470,2015-9-23,3,99
57,1350,2019-6-28,1,133
190,759,2017-5-1,2,171
100,645,2017-4-13,3,106
53,1655,2019-4-1,1,161
24,1728,2018-8-8,1,135
225,1004,2016-5-25,2,113
62,420,2020-10-14,3,158
150,925,2016-5-20,1,125
279,1238,2015-6-2,1,131
184,1443,2020-7-16,2,104
205,738,2015-4-3,3,147
290,631,2018-10-11,3,119
192,1333,2019-3-14,1,112
137,488,2015-10-13,2,151
157,1101,2018-8-19,3,140
224,1263,2017-12-21,1,134
128,1601,2017-12-12,3,171
234,1274,2015-5-3,3,152
256,1555,2015-8-1,1,112
286,721,2015-10-12,1,91
6,1314,2018-6-4,3,109
273,1186,2020-2-22,3,126
239,1597,2018-6-27,3,169
218,349,2019-9-25,2,101
40,1697,2016-7-5,3,157
114,650,2018-1-2,3,111
114,1325,2019-10-3,3,140
126,374,2017-5-1,2,129
119,1692,2019-6-20,3,92
54,923,2015-2-2,1,102
290,1364,2015-5-10,1,176
275,1028,2018-4-15,1,163
263,616,2020-8-14,3,163
178,1686,2016-2-3,2,133
292,888,2016-12-9,2,102
81,1049,2019-4-11,2,109
117,398,2015-1-25,1,97
12,328,2016-8-20,1,108
243,1680,2017-2-10,3,133
214,1406,2018-2-8,1,93
21,953,2018-7-20,3,125
232,405,2017-6-20,3,160
159,1671,2018-11-23,2,149
150,985,2018-9-22,1,143
259,1719,2020-5-6,3,108
264,1298,2016-11-27,2,110
133,1246,2015-9-21,3,123
307,1046,2017-7-22,2,152
32,493,2017-9-23,3,140
188,1150,2018-8-1,1,148
132,1308,2016-3-13,2,90
79,1153,2018-1-28,2,133
308,1399,2020-1-18,2,109
262,1165,2017-10-5,1,93
38,1188,2018-1-22,3,151
134,1334,2017-9-22,1,158
135,640,2015-7-10,2,111
43,1408,2017-10-14,1,144
21,376,2019-9-6,1,121
94,548,2019-2-18,3,157
132,579,2016-4-4,2,138
9,683,2016-9-6,1,122
255,876,2017-8-15,1,101
285,587,2020-12-17,1,104
19,772,2016-9-1,3,127
160,594,2020-4-10,2,99
73,1118,2015-10-23,3,115
227,345,2019-6-18,3,94
308,672,2017-4-6,1,109
229,840,2015-2-6,1,126
39,856,2016-4-21,3,170
5,1357,2019-3-9,2,106
223,497,2015-8-7,1,90
160,1233,2016-2-19,3,166
109,380,2018-6-2,1,121
143,831,2019-1-20,1,118
135,608,2017-5-3,3,107
267,1379,2015-3-13,2,117
139,1061,2015-6-14,1,165
47,1309,2015-11-25,3,164
86,713,2015-8-2,3,103
57,1370,2016-5-26,1,139
51,361,2020-12-28,2,154
306,891,2017-6-12,2,94
122,1781,2015-6-12,2,144
54,748,2020-12-22,2,114
203,857,2016-11-19,3,115
253,850,2016-6-19,1,92
209,754,2015-7-23,2,103
223,1358,2015-6-15,3,94
197,1173,2017-11-14,2,154
39,1190,2015-9-9,1,155
300,913,2016-3-27,3,132
109,629,2017-9-11,1,162
146,325,2019-8-26,3,175
53,1127,2018-7-26,2,160
56,1219,2018-11-9,1,107
260,616,2015-11-23,3,131
18,1056,2020-10-8,3,138
278,601,2017-12-4,2,97
45,873,2015-1-4,2,93
169,532,2019-10-18,3,110
112,1091,2015-10-18,2,150
230,859,2018-5-25,3,117
271,1547,2016-1-15,1,143
25,779,2017-7-12,1,122
200,488,2020-6-3,3,122
241,1262,2016-2-2,1,105
204,950,2017-4-20,3,148
186,1325,2019-11-22,3,137
229,872,2015-2-25,1,95
44,820,2017-7-23,2,175
184,1180,2020-9-11,1,102
248,550,2019-7-22,2,144
54,795,2016-9-9,2,137
285,567,2020-3-13,2,113
40,375,2019-3-2,1,170
103,959,2020-11-18,1,111
215,1770,2017-4-25,2,113
301,1232,2017-5-4,2,133
247,1614,2015-9-23,2,178
268,944,2015-8-17,1,110
115,1742,2018-5-20,1,153
33,1208,2015-6-28,3,98
173,1299,2015-4-10,2,125
139,493,2018-5-5,3,156
180,1749,2016-8-27,2,115
107,1618,2019-3-12,3,92
9,956,2016-11-28,1,166
80,983,2017-4-11,3,110
41,1469,2018-8-3,1,106
159,343,2016-6-13,2,104
165,810,2019-10-27,2,145
293,1437,2017-8-27,3,122
50,582,2019-6-9,2,164
222,1107,2019-4-21,1,142
305,1508,2015-5-24,2,163
24,1770,2018-12-2,3,130
246,988,2020-10-14,3,146
172,1748,2017-7-23,1,158
207,929,2019-5-4,1,115
47,1278,2017-5-2,3,100
45,934,2017-11-25,1,117
280,526,2017-11-7,1,178
97,1769,2018-11-6,1,159
216,1273,2018-5-25,2,163
309,871,2015-3-20,3,166
127,779,2018-5-4,1,109
58,1428,2018-2-6,3,137
237,424,2018-5-5,3,170
101,646,2018-6-6,1,157
162,496,2016-8-23,2,171
224,1609,2019-5-22,2,104
19,1478,2015-11-12,1,142
290,596,2018-1-7,2,153
303,1745,2020-9-28,1,138
208,657,2019-9-1,2,166
139,1212,2017-4-19,2,130
208,1107,2018-9-3,2,142
77,623,2017-10-12,1,95
303,1761,2017-12-4,1,95
107,490,2019-10-28,1,131
296,909,2015-1-19,2,175
101,1782,2018-6-18,2,95
100,1450,2020-3-23,2,117
286,967,2020-6-6,2,145
7,1545,2016-6-17,2,134
171,746,2015-2-5,1,158
252,1650,2019-5-12,3,109
147,1011,2016-4-15,2,145
252,947,2019-11-16,3,156
305,1575,2017-6-24,1,125
106,1593,2018-10-4,2,159
191,975,2019-4-12,2,132
93,373,2019-1-14,3,101
274,1101,2017-2-3,2,125
305,1433,2018-8-15,1,165
76,1012,2020-8-22,3,174
36,1707,2017-3-19,2,97
165,1748,2015-4-12,3,110
71,1137,2019-1-25,1,174
77,1141,2020-8-28,2,127
106,1162,2018-12-25,2,173
132,1591,2015-6-20,3,160
263,1028,2019-9-17,3,118
15,1772,2016-7-7,1,111
216,872,2015-11-12,2,132
124,1056,2018-5-1,1,91
33,792,2017-9-14,2,144
304,1431,2020-5-24,2,130
256,1648,2019-5-17,2,141
279,783,2020-2-16,1,103
74,1260,2019-6-6,3,94
118,1353,2020-4-5,3,109
289,321,2020-11-16,1,127
260,910,2020-6-23,3,163
116,461,2015-6-14,3,123
296,1618,2017-1-4,1,178
256,1570,2020-5-13,2,91
17,1570,2019-2-5,1,115
179,645,2016-12-1,2,91
223,448,2017-4-5,3,103
95,1582,2020-2-16,3,153
122,1654,2017-10-12,1,104
96,1370,2020-2-25,2,146
118,1680,2020-7-3,3,95
305,1003,2018-11-2,1,154
240,871,2016-3-28,2,104
123,1197,2019-4-10,2,164
124,1409,2019-2-7,2,162
223,824,2017-9-22,3,151
146,354,2020-5-18,2,143
131,618,2017-8-26,1,150
156,1129,2020-7-9,1,172
127,1745,2019-7-27,1,143
4,1049,2019-5-3,1,100
247,1025,2017-6-22,3,136
177,1145,2017-2-4,3,98
93,1358,2020-6-6,1,136
222,1756,2017-2-21,1,140
200,348,2020-6-28,1,110
26,364,2019-8-4,2,176
211,672,2015-10-22,2,117
285,1680,2018-1-24,3,113
146,1348,2016-4-7,2,104
128,1435,2015-3-25,2,133
244,531,2017-8-3,2,151
105,465,2020-2-18,3,92
217,1624,2015-5-13,2,162
67,1563,2017-1-10,2,170
193,335,2015-9-28,1,110
282,1100,2020-2-20,2,152
96,464,2015-6-2,2,96
36,618,2020-6-27,3,169
209,1225,2015-4-25,3,174
191,713,2015-7-14,1,106
76,1450,2020-11-19,1,127
209,991,2015-10-13,1,138
232,1014,2019-10-6,1,135
161,1605,2015-6-23,2,174
235,1532,2020-8-14,3,105
119,1446,2018-8-22,3,163
221,1074,2018-4-19,2,123
59,1030,2018-8-13,2,156
175,1266,2018-6-15,2,173
14,953,2016-11-14,2,116
152,1728,2019-6-15,2,111
93,494,2016-2-11,1,125
130,1457,2017-9-2,1,175
126,1306,2016-3-24,3,101
156,1385,2017-7-5,3,149
275,448,2020-4-11,1,92
302,1128,2017-7-6,1,168
117,1032,2017-5-9,3,145
205,651,2018-4-1,3,123
40,567,2016-5-23,2,164
172,506,2016-7-3,3,164
182,345,2016-7-11,3,112
59,1616,2016-10-24,2,114
56,775,2020-1-15,1,160
65,632,2019-11-5,2,128
29,606,2015-3-5,1,163
220,707,2015-8-11,3,180
189,536,2016-7-13,3,108
154,657,2018-1-17,3,103
146,465,2015-12-26,3,95
172,1145,2015-11-20,2,122
172,851,2015-1-19,2,104
119,1048,2020-3-4,3,101
113,1513,2019-8-18,1,96
237,1040,2020-11-17,2,99
169,1191,2015-4-22,2,131
48,1596,2018-2-13,2,172
203,1478,2017-2-7,2,154
3,438,2015-12-15,1,155
99,1554,2016-3-21,3,140
126,488,2016-10-6,2,115
93,1616,2017-6-22,2,136
165,383,2017-8-21,2,99
175,532,2015-11-14,1,161
20,605,2018-9-6,2,166
189,1109,2015-5-19,3,177
81,1592,2015-3-11,1,169
223,1717,2017-6-14,3,123
261,1294,2016-10-23,1,116
153,389,2016-2-15,2,137
146,1240,2016-10-14,3,125
136,975,2017-7-8,2,165
214,1477,2018-12-3,1,163
224,1413,2016-4-15,1,180
206,1134,2017-6-24,3,113
98,1478,2020-12-20,3,130
203,1251,2018-10-15,2,116
274,521,2016-10-8,3,180
282,1214,2015-8-12,3,93
204,1085,2015-8-19,3,147
299,502,2018-7-24,1,132
304,540,2017-12-13,1,149
171,1265,2017-4-15,3,91
10,1483,2020-6-2,1,100
104,542,2015-1-16,1,168
2,418,2017-5-6,1,179
296,1601,2015-9-5,2,122
85,1678,2016-2-14,3,115
71,361,2018-10-27,1,125
33,1651,2015-1-20,3,142
12,1703,2018-9-12,2,173
100,1698,2020-5-5,3,90
84,1299,2017-5-1,1,148
294,1339,2019-8-12,1,173
117,829,2015-1-17,1,149
42,1022,2017-1-5,2,158
19,1251,2016-8-3,2,141
15,691,2020-10-19,1,155
19,577,2017-1-4,2,125
103,1009,2018-12-8,2,180
143,942,2020-7-17,2,103
223,806,2019-11-22,2,130
260,652,2016-10-27,1,159
301,704,2017-8-2,3,103
218,1332,2016-1-28,1,147
42,548,2020-4-11,3,112
228,1739,2017-1-17,1,151
21,617,2020-3-20,2,180
274,371,2016-11-21,3,111
251,1260,2016-6-6,3,142
44,896,2018-3-27,2,92
305,664,2015-9-5,1,133
310,1533,2016-6-27,2,124
111,563,2017-11-10,3,156
58,735,2018-4-11,3,150
278,1150,2015-8-25,1,135
28,481,2019-6-14,2,158
36,368,2019-10-7,1,143
108,915,2019-7-13,1,156
269,1203,2015-6-12,2,156
39,1101,2017-12-2,2,130
156,687,2016-7-16,2,101
158,1515,2017-12-11,2,159
276,1764,2017-4-16,3,174
276,1312,2020-6-23,2,133
168,1704,2019-6-22,3,178
297,825,2016-11-8,2,116
143,1710,2016-4-27,1,155
154,657,2015-4-1,1,91
44,1470,2016-7-4,1,99
157,908,2017-7-7,3,180
271,880,2016-1-27,1,127
57,547,2017-2-14,3,143
292,942,2020-4-12,2,116
153,411,2015-8-21,3,151
131,1174,2019-9-27,1,96
189,1395,2019-10-28,2,111
225,952,2015-10-23,3,137
96,1172,2017-8-16,1,106
49,1600,2019-8-3,2,129
91,414,2016-1-10,3,159
68,542,2018-1-13,1,165
63,1517,2015-11-24,3,163
195,1477,2018-10-23,2,120
226,1444,2019-10-21,3,133
74,376,2015-4-23,2,105
29,392,2016-9-2,3,162
104,1202,2020-3-11,1,125
102,973,2019-2-12,3,98
228,1327,2020-6-9,1,120
215,594,2018-1-10,3,173
67,1282,2017-11-18,3,91
213,1269,2020-10-7,1,148
59,1050,2019-4-28,1,108
139,799,2016-11-10,3,179
185,1482,2018-10-1,2,105
157,1586,2015-3-4,2,121
111,680,2020-9-5,3,104
220,424,2020-6-18,3,110
130,1747,2019-1-27,2,97
64,392,2015-4-9,1,112
275,540,2017-1-6,2,154
44,524,2020-12-8,1,150
149,616,2018-11-8,2,107
125,1289,2017-6-6,2,175
250,482,2017-2-1,2,168
130,1479,2019-6-1,2,119
214,666,2017-9-8,1,101
136,1057,2016-3-8,3,178
85,1235,2016-11-20,1,130
107,619,2018-5-28,1,172
308,1054,2019-4-12,2,138
173,1133,2017-8-13,1,98
27,1308,2019-11-12,3,157
259,1174,2019-2-1,3,90
217,1471,2015-7-4,3,135
234,363,2019-3-5,2,160
248,1256,2017-10-20,1,151
156,1092,2017-11-15,2,163
151,865,2018-8-10,1,98
296,1447,2016-12-4,1,163
66,1734,2018-10-8,1,99
99,1203,2019-6-1,3,155
59,982,2018-9-18,2,159
279,740,2016-7-5,3,172
14,984,2017-9-15,3,140
141,561,2019-2-13,3,153
250,801,2019-10-16,1,173
71,859,2016-9-23,1,137
156,1017,2020-10-9,2,105
80,1005,2019-6-25,3,154
272,1080,2019-4-8,3,134
8,1554,2017-10-1,2,125
37,413,2019-2-27,3,143
169,1000,2015-3-12,1,124
156,1239,2017-12-17,2,94
223,1256,2018-3-25,1,166
41,759,2017-7-15,2,164
103,765,2016-7-14,2,125
232,1423,2016-7-2,3,104
93,956,2016-11-13,3,161
16,379,2016-11-27,1,102
224,1449,2016-9-19,1,152
55,1034,2019-2-12,1,161
191,778,2019-6-9,1,145
230,1564,2019-6-1,3,162
8,1759,2019-2-28,3,166
162,1157,2018-6-2,1,165
12,1501,2019-4-13,2,113
206,1616,2015-2-8,1,172
285,917,2019-4-24,2,136
86,1672,2020-3-14,2,171
267,789,2020-9-26,3,95
79,1561,2018-12-21,2,173
84,1210,2020-10-3,2,107
45,472,2016-3-18,1,147
178,1429,2018-3-5,2,116
210,427,2017-6-27,2,167
72,1066,2016-10-21,3,112
255,1034,2017-1-1,3,115
192,653,2015-1-11,2,96
82,1025,2017-5-19,3,116
105,1688,2015-9-14,3,129
154,713,2016-6-10,1,119
97,356,2016-10-3,1,155
9,1164,2017-5-12,3,102
202,1193,2018-1-1,2,108
297,379,2016-10-25,3,120
107,1008,2018-4-2,2,134
181,1238,2017-9-16,1,175
133,1496,2020-4-1,2,167
236,641,2017-3-6,2,149
215,537,2017-11-15,1,148
191,1596,2020-10-7,2,170
125,835,2019-8-8,3,125
97,623,2015-12-14,3,148
268,636,2018-10-2,1,122
261,1084,2020-10-8,1,93
172,316,2016-4-5,1,103
34,319,2016-3-8,2,173
5,1690,2017-6-2,3,146
7,571,2018-2-22,3,178
34,1753,2019-6-1,2,165
155,1786,2020-4-7,3,96
309,850,2017-9-4,2,111
68,1238,2020-8-6,1,152
199,795,2017-3-1,3,175
204,440,2019-9-25,1,114
92,1293,2018-8-14,1,101
272,1296,2020-7-12,3,176
108,1385,2017-3-27,1,108
89,399,2017-6-2,3,105
169,1749,2020-2-11,2,92
227,716,2019-11-15,3,102
301,617,2020-8-20,2,108
248,350,2017-4-22,2,131
213,591,2020-5-17,1,98
283,436,2016-4-5,3,99
107,1759,2016-9-4,1,146
80,1020,2016-2-9,2,145
238,535,2015-5-25,3,109
185,893,2017-3-1,1,144
113,1477,2015-5-24,3,172
144,1325,2015-1-9,1,111
29,482,2020-8-28,1,113
282,1555,2020-7-18,2,90
255,1230,2015-12-23,2,143
2,1397,2015-7-14,3,180
208,953,2016-4-22,2,178
189,999,2018-6-5,2,120
246,1752,2015-4-2,2,155
256,1085,2018-3-11,3,129
307,1771,2019-9-12,1,116
11,381,2016-9-21,3,99
89,1252,2017-12-14,3,154
54,1173,2018-1-20,3,109
195,1337,2020-8-3,2,90
204,961,2019-4-7,2,127
66,1541,2015-2-23,1,163
161,389,2019-11-13,2,137
191,695,2015-8-6,1,111
95,658,2016-11-26,1,127
84,823,2018-11-15,1,148
263,417,2018-6-17,1,122
88,1055,2019-9-1,3,172
200,830,2015-9-17,3,134
277,1117,2015-11-20,1,173
147,913,2015-1-10,3,114
12,971,2017-11-12,2,142
61,1314,2016-1-26,3,178
90,1052,2015-5-16,2,103
52,1129,2018-7-17,2,145
210,1075,2019-6-19,1,108
165,1437,2020-12-26,3,135
158,1216,2018-2-20,1,110
242,1022,2020-4-3,3,141
229,1023,2016-6-9,1,90
176,976,2016-10-16,3,179
166,737,2020-12-8,2,133
51,1268,2016-5-13,2,165
19,1721,2016-10-21,1,158
101,759,2019-8-25,3,178
236,447,2015-3-2,2,164
98,891,2019-9-16,2,157
234,881,2019-9-7,1,152
142,1774,2015-5-5,3,152
179,1656,2017-8-10,3,128
38,1174,2018-10-4,1,158
276,1070,2017-4-6,3,168
33,370,2016-3-25,2,136
96,507,2015-8-25,2,155
1,314,2020-10-3,2,168
155,1654,2019-8-7,2,144
146,759,2018-1-22,1,114
192,715,2018-10-27,2,149
16,695,2019-4-8,1,166
268,819,2017-3-4,3,123
151,733,2018-3-25,2,141
73,1734,2018-2-16,3,153
289,1425,2015-3-6,3,166
245,844,2019-3-26,2,118
217,1094,2018-9-18,2,136
3,385,2020-7-24,2,102
10,1655,2019-4-7,2,124
29,1316,2017-10-14,3,145
35,449,2016-11-18,1,149
130,427,2019-12-15,1,135
216,432,2015-12-27,1,121
228,622,2018-1-9,1,103
156,613,2015-6-8,2,170
34,345,2019-10-17,2,180
157,705,2017-3-3,1,115
222,852,2017-2-3,3,90
11,1463,2018-1-5,1,127
135,1212,2018-12-3,1,93
220,794,2019-8-14,1,162
149,1597,2020-3-24,2,153
169,1145,2020-6-3,3,120
228,1014,2015-8-11,3,177
251,1439,2017-7-6,1,152
173,1123,2015-12-8,1,153
41,1602,2017-6-16,3,125
281,1158,2016-8-10,3,160
106,1239,2020-5-14,1,96
2,1464,2017-2-13,1,100
278,1446,2020-6-17,2,92
215,607,2015-7-12,3,101
152,1585,2019-4-11,1,128
209,1744,2018-4-5,3,113
270,1189,2019-2-18,3,123
140,1639,2018-12-4,3,120
38,784,2016-12-9,2,139
120,1779,2019-3-4,1,148
41,1407,2016-9-14,3,146
68,679,2019-9-18,2,170
68,1403,2016-1-13,2,152
252,1469,2016-3-5,3,162
24,1359,2017-6-1,3,147
182,908,2017-8-5,1,101
119,389,2020-12-19,2,151
104,1028,2018-7-11,2,113
225,602,2017-7-4,2,180
87,1042,2016-3-27,2,112
112,324,2018-2-3,1,163
57,1711,2016-8-10,3,151
170,577,2017-12-3,3,125
87,1649,2016-12-2,3,118
15,687,2018-5-14,2,116
260,474,2016-11-27,2,134
52,1614,2019-2-16,1,134
28,1252,2018-11-27,2,159
141,1737,2015-3-1,2,155
31,829,2019-1-28,3,157
195,724,2017-7-22,1,124
2,691,2019-3-8,1,149
150,1649,2018-3-16,3,105
73,1688,2015-8-11,2,156
185,453,2015-4-15,1,178
79,801,2015-3-19,1,160
69,1211,2020-8-26,2,141
92,971,2018-5-24,3,165
36,1509,2016-6-18,2,125
149,416,2020-6-8,2,180
184,1395,2020-10-9,3,152
22,533,2015-9-28,2,140
271,729,2018-3-14,3,126
128,985,2020-6-16,2,179
268,1280,2019-5-17,2,152
14,1713,2020-3-19,3,173
35,1318,2015-12-5,1,90
131,800,2019-1-11,3,108
174,723,2018-2-15,2,140
167,713,2017-3-8,1,176
131,1687,2016-12-14,3,154
103,1304,2018-1-1,2,103
209,357,2018-7-23,2,150
113,1547,2018-11-21,1,105
208,512,2019-12-24,3,101
23,367,2020-4-19,3,110
296,867,2016-12-21,2,177
119,1431,2018-1-18,1,134
67,485,2015-8-13,2,90
236,1638,2015-4-9,2,151
105,1149,2015-11-27,1,128
296,1672,2019-5-1,2,157
112,532,2015-11-19,1,161
77,1718,2017-8-15,2,110
26,1780,2017-6-9,1,148
165,1033,2016-4-20,3,152
237,1559,2017-7-12,2,146
165,787,2020-3-24,3,129
129,376,2015-1-25,2,136
192,923,2020-7-18,3,106
38,1572,2020-3-22,1,136
59,1220,2020-8-14,1,97
245,1188,2020-11-14,3,147
269,391,2015-5-25,1,109
306,765,2015-1-3,1,133
218,371,2015-9-25,2,167
252,1424,2018-5-26,2,162
103,1026,2017-1-7,2,150
3,439,2017-7-9,2,105
158,1209,2018-12-10,1,165
42,993,2020-6-18,2,160
275,677,2016-1-20,1,160
87,824,2019-5-18,3,148
234,956,2019-6-25,1,116
94,497,2020-4-10,3,145
67,1272,2019-2-8,3,132
209,1090,2017-9-28,3,178
292,1075,2017-8-21,3,145
185,997,2020-5-3,1,116
55,1045,2018-9-11,2,147
71,1051,2016-9-1,3,104
35,1611,2017-1-28,2,106
132,621,2020-10-1,3,168
18,1047,2015-5-24,3,122
234,1232,2018-7-8,1,116
238,342,2015-4-16,3,127
235,789,2016-12-16,1,164
282,592,2018-11-15,2,102
225,638,2019-3-16,1,140
153,1033,2015-8-4,3,138
77,340,2018-2-28,3,139
54,546,2018-9-22,1,91
147,1225,2015-9-26,1,111
15,814,2016-3-10,3,137
195,1012,2016-6-26,2,175
263,378,2020-11-15,2,175
144,1202,2018-9-6,2,144
273,1695,2017-11-21,1,148
262,1704,2020-10-10,3,170
223,877,2019-4-15,3,121
26,912,2018-1-19,3,111
21,1211,2019-2-26,3,137
17,1594,2016-2-13,1,174
170,1635,2019-5-24,3,131
19,652,2016-2-4,3,97
40,908,2020-1-26,1,103
168,1614,2020-7-19,1,173
233,637,2015-9-9,1,132
10,1376,2018-7-23,1,103
209,566,2018-10-9,3,116
260,925,2017-5-23,3,119
210,1189,2018-5-18,2,169
89,803,2015-8-12,2,169
142,987,2016-6-23,1,167
59,1408,2019-6-11,2,120
203,1392,2017-8-10,1,167
292,498,2016-9-7,1,137
99,1582,2020-8-21,2,115
178,1805,2017-10-11,1,146
234,463,2019-9-11,2,180
42,561,2015-11-17,3,127
116,672,2019-1-4,2,173
20,983,2016-4-10,1,154
231,405,2017-10-7,3,144
245,1555,2015-10-21,3,91
13,977,2017-11-23,1,98
93,394,2020-1-1,3,174
199,1348,2019-8-2,3,118
234,848,2020-2-10,2,129
241,753,2018-2-13,3,114
46,1091,2016-12-21,1,152
45,1802,2016-7-5,1,102
268,499,2017-2-4,2,118
223,731,2019-10-19,1,90
138,744,2020-3-18,2,155
190,1572,2015-9-11,2,118
134,1348,2020-7-8,2,141
89,1772,2020-8-26,1,129
276,353,2016-6-4,2,141
73,1270,2018-5-13,3,148
129,392,2017-11-1,1,164
80,1052,2016-6-14,3,106
218,394,2015-3-20,3,168
270,1067,2015-3-14,2,179
45,991,2015-8-10,2,99
9,538,2018-6-19,1,94
218,886,2017-11-3,2,125
95,1704,2015-11-4,2,177
19,1395,2020-8-27,1,174
196,708,2016-4-17,2,132
250,848,2015-12-9,1,132
239,1250,2017-8-27,3,175
134,990,2020-8-19,2,101
137,1542,2017-1-20,2,166
243,829,2016-12-19,1,139
66,671,2019-7-12,2,90
103,538,2015-1-5,3,91
271,789,2019-3-9,3,104
101,1181,2020-9-12,3,129
55,456,2019-5-6,3,137
162,631,2015-8-3,3,152
255,1286,2016-12-10,1,162
7,408,2016-6-3,2,128
38,357,2018-12-8,2,148
304,1396,2019-10-18,2,90
143,799,2020-3-23,1,110
303,839,2016-8-1,2,142
212,1176,2019-5-10,1,178
8,353,2020-11-23,3,164
214,1349,2020-11-19,2,161
29,594,2015-1-2,1,153
211,1096,2016-5-13,2,161
280,1197,2015-2-20,3,121
217,394,2018-3-2,1,144
14,612,2017-12-15,1,157
197,1612,2016-4-15,1,137
196,1569,2017-8-10,3,146
55,1455,2015-12-26,1,172
305,735,2017-2-6,3,103
61,1423,2016-7-17,3,101
245,1190,2016-9-19,1,175
8,916,2016-3-16,2,157
286,1626,2016-5-1,3,132
49,1430,2020-3-20,2,159
166,544,2016-10-20,1,134
7,620,2017-6-7,3,113
169,453,2015-11-16,1,110
201,972,2016-5-17,1,144
269,1058,2018-12-26,3,180
111,1288,2017-11-4,3,144
269,1061,2015-1-19,3,160
216,985,2018-7-28,3,93
203,989,2015-4-21,3,126
279,388,2019-7-14,1,176
264,957,2017-5-15,2,156
198,1432,2016-2-24,2,155
110,1480,2016-9-3,3,99
281,1173,2016-8-15,3,136
148,1690,2015-12-1,1,126
212,650,2019-10-23,1,120
244,1468,2017-8-1,1,170
27,1488,2017-6-16,3,145
129,1302,2015-11-27,3,123
175,1130,2019-1-17,3,112
146,353,2017-10-12,2,172
19,694,2020-5-25,3,159
149,1712,2016-8-18,3,141
119,1266,2015-7-3,2,97
83,1021,2017-5-3,1,172
255,674,2017-3-25,2,136
181,502,2020-11-25,2,164
204,1696,2018-10-27,2,167
45,1522,2017-12-27,3,110
89,1401,2016-3-26,1,172
260,706,2016-11-15,2,167
23,1100,2018-3-23,2,179
248,831,2020-8-3,1,170
238,815,2020-1-18,1,122
192,1763,2018-7-2,3,172
208,626,2016-7-23,2,157
240,1311,2015-11-9,2,132
41,1511,2017-12-12,2,179
93,943,2017-5-21,1,90
2,1569,2017-12-14,2,134
166,1123,2016-7-11,1,140
126,1265,2019-3-25,1,96
97,517,2018-10-22,2,166
98,961,2015-11-10,2,130
191,924,2017-3-13,2,144
242,1346,2015-5-14,1,104
255,1633,2015-3-3,1,152
283,1388,2016-11-8,1,153
165,341,2015-11-27,3,134
127,330,2017-3-16,2,115
52,1244,2020-8-13,3,133
246,643,2020-5-2,3,103
226,1755,2020-7-17,1,111
239,773,2019-12-28,1,151
179,576,2018-12-20,3,136
293,1128,2019-4-21,2,166
52,1048,2018-4-24,3,124
57,1585,2016-3-15,2,127
133,541,2016-1-6,2,134
299,1008,2020-6-16,2,123
165,967,2018-4-15,1,127
237,801,2015-8-1,1,174
128,1560,2019-12-1,3,152
94,1594,2017-2-17,3,145
66,368,2015-5-20,3,118
50,1149,2020-4-8,2,117
170,1659,2020-7-16,3,120
12,741,2019-3-7,1,159
120,576,2019-12-3,1,103
172,898,2020-12-24,2,178
309,731,2020-6-13,1,130
306,782,2015-1-25,3,161
171,1629,2018-3-26,1,169
187,887,2016-2-22,1,97
264,1718,2019-6-21,3,173
259,486,2018-2-26,1,130
237,1684,2018-6-4,3,174
204,427,2015-3-22,3,100
14,509,2016-9-18,3,164
121,542,2017-2-19,3,116
240,1803,2019-10-26,1,156
281,1413,2018-7-15,3,139
150,1081,2019-3-27,3,95
291,1700,2015-5-28,3,98
277,851,2016-1-9,1,153
52,1012,2020-12-10,3,101
92,1037,2018-5-28,1,131
214,1483,2015-10-26,2,118
55,1145,2017-7-8,1,166
221,1113,2015-9-19,1,115
283,821,2016-6-16,3,99
111,1698,2019-3-15,3,144
9,1458,2018-2-3,2,168
231,1005,2019-8-16,2,111
60,488,2019-4-14,1,163
69,986,2020-6-25,3,109
261,866,2017-5-20,2,150
100,802,2020-10-14,3,116
177,1055,2015-2-25,1,149
156,701,2017-4-9,1,110
192,857,2019-2-2,1,146
278,578,2017-8-3,2,94
129,1456,2019-7-3,1,128
104,596,2016-12-22,3,136
263,1509,2017-5-18,1,174
62,498,2019-5-14,3,170
123,1294,2017-8-14,2,164
181,1114,2019-1-9,2,133
28,1374,2015-4-16,2,130
292,385,2016-1-20,1,180
219,1522,2017-8-26,1,143
122,947,2020-7-13,3,172
252,1610,2019-9-8,1,174
172,667,2016-9-13,1,99
110,1336,2019-11-6,1,149
220,592,2020-9-5,2,178
11,714,2017-8-3,3,141
98,1079,2018-7-21,3,91
205,458,2015-2-20,1,127
280,1706,2019-3-23,3,117
79,1041,2019-11-19,3,109
99,1173,2019-3-1,2,172
72,1617,2015-10-1,2,166
107,344,2015-6-14,3,115
289,1597,2019-8-22,2,166
22,850,2016-1-11,3,129
129,1412,2016-11-12,2,176
304,453,2019-8-23,1,118
166,393,2017-1-10,3,111
308,543,2017-7-27,2,163
78,793,2017-10-14,1,137
281,1015,2018-7-19,1,124
248,1416,2020-7-10,3,113
238,529,2017-2-7,1,128
120,1801,2015-12-17,1,112
184,1229,2019-2-23,1,141
110,1550,2016-10-24,2,131
51,1517,2018-1-3,3,178
97,700,2016-4-9,3,170
175,833,2019-1-19,3,101
109,1001,2019-6-28,1,103
37,689,2019-9-9,3,119
163,1481,2016-9-15,1,97
92,433,2016-10-26,1,170
13,1530,2017-3-11,3,161
213,774,2019-6-10,2,145
280,738,2017-12-12,1,100
205,607,2018-12-19,2,96
165,1512,2016-7-4,2,145
11,1023,2018-1-21,1,170
218,684,2017-7-16,1,96
133,534,2018-9-19,3,112
35,519,2017-9-6,3,129
254,1006,2018-6-25,3,125
305,1571,2016-4-12,3,142
72,1021,2017-8-24,1,127
173,826,2017-9-10,2,164
306,684,2016-4-11,1,99
77,1050,2016-10-16,1,116
291,523,2020-8-24,2,169
273,416,2017-1-7,3,133
257,1524,2016-5-22,3,104
124,920,2017-12-9,3,131
162,552,2015-3-23,1,170
249,1163,2020-9-8,1,125
244,1615,2019-11-15,2,108
214,983,2020-12-20,3,134
116,853,2018-2-12,3,90
13,582,2018-6-27,1,173
260,1807,2018-12-20,2,106
197,619,2016-8-9,3,108
178,1217,2018-2-27,3,173
56,1084,2016-3-21,1,150
73,803,2016-2-24,1,93
76,900,2018-8-23,2,153
196,1010,2018-5-26,3,116
165,830,2015-9-26,2,160
280,403,2016-3-5,1,156
284,942,2017-2-9,3,137
60,1218,2017-7-2,3,127
258,844,2020-12-21,1,165
72,1247,2019-8-4,3,160
201,1370,2018-10-16,1,158
166,1220,2015-12-4,2,150
32,1113,2018-4-12,3,154
200,380,2016-1-22,1,147
310,624,2016-8-27,2,150
278,444,2016-9-1,3,168
86,988,2019-5-4,1,105
88,1309,2016-9-17,3,176
91,1460,2020-4-10,3,94
116,699,2016-8-27,2,104
122,1211,2015-12-14,1,95
282,1463,2016-7-6,3,113
68,346,2016-10-10,2,127
207,1645,2016-8-12,1,161
120,1432,2016-10-14,2,156
162,492,2020-11-7,3,168
264,520,2015-3-9,3,134
275,1685,2020-6-25,1,112
133,1110,2016-7-12,2,122
76,1314,2020-1-24,2,170
163,334,2019-6-17,1,177
184,997,2015-10-4,2,143
237,1145,2019-1-12,3,137
200,1569,2017-10-17,3,106
236,987,2016-7-21,1,133
124,421,2018-10-22,1,123
267,1619,2019-9-11,2,161
66,328,2018-1-26,1,144
189,1118,2019-12-21,1,129
233,1114,2020-5-12,2,124
127,442,2017-9-26,3,142
129,1357,2020-9-17,3,112
105,1185,2018-8-11,1,134
20,564,2019-8-27,2,173
113,678,2016-11-3,2,175
252,1674,2017-12-15,1,92
138,336,2018-6-25,3,91
262,472,2018-6-1,2,121
254,755,2015-10-26,2,173
194,1794,2020-12-21,3,102
102,464,2016-1-4,1,131
128,951,2015-2-6,3,164
303,655,2020-1-19,1,95
159,1686,2020-2-12,1,144
220,1369,2019-4-24,3,150
168,568,2017-1-20,3,159
252,1630,2018-2-4,1,96
200,1394,2019-8-3,2,167
63,375,2018-5-16,3,95
214,1455,2019-3-20,1,125
111,324,2018-6-10,2,134
210,589,2018-6-1,2,110
303,475,2017-8-26,3,97
146,509,2015-10-9,3,146
233,1079,2016-7-15,3,142
309,960,2016-4-23,3,178
151,999,2018-2-1,3,149
201,580,2018-2-7,3,111
56,1080,2018-3-22,2,91
130,913,2020-4-6,1,128
211,424,2017-9-7,1,121
96,1617,2015-11-7,3,141
5,1265,2018-2-9,1,161
167,881,2020-3-15,2,150
287,888,2017-10-14,3,126
243,806,2017-4-28,1,114
59,334,2015-12-13,2,132
36,337,2019-2-17,3,125
48,1565,2020-11-18,1,120
150,1499,2017-8-11,2,142
250,926,2017-3-6,3,176
61,671,2018-3-22,3,177
96,441,2016-1-26,1,177
68,588,2020-11-13,3,106
192,885,2017-1-8,3,141
43,1060,2015-11-17,2,145
99,1091,2017-7-20,2,167
102,893,2020-2-28,2,143
212,1258,2016-12-12,2,105
118,1295,2020-2-19,1,145
63,1463,2019-6-13,2,139
211,1738,2019-3-4,3,170
310,976,2020-3-9,1,178
170,1184,2019-2-19,1,161
251,1648,2016-9-28,1,106
250,518,2017-5-5,1,93
136,1390,2017-11-12,1,162
146,704,2019-5-5,1,179
304,482,2018-3-8,2,132
86,1376,2018-1-27,2,163
171,566,2019-6-23,3,98
242,1473,2015-3-25,2,129
174,846,2020-1-3,1,127
32,1483,2017-4-22,1,167
46,456,2019-2-12,2,143
5,369,2020-8-2,3,162
252,778,2017-3-23,1,121
13,913,2018-11-10,3,96
212,1282,2017-12-6,2,176
183,1215,2018-5-13,1,113
67,1039,2020-2-2,3,152
205,714,2017-4-6,1,147
170,1116,2018-6-19,1,119
170,493,2020-4-27,2,150
189,1000,2020-4-10,2,146
140,501,2015-7-10,1,164
104,342,2020-10-12,2,123
240,785,2018-9-9,3,98
265,1188,2016-7-26,1,124
169,1721,2015-2-23,1,169
22,808,2017-5-14,3,173
53,938,2018-6-2,3,152
307,1054,2020-5-10,1,93
116,1675,2017-1-28,3,126
34,1644,2019-9-27,3,95
139,418,2017-9-8,1,124
265,432,2018-8-17,3,154
44,1420,2019-8-21,2,129
51,815,2015-2-8,3,110
83,1292,2015-8-7,1,151
250,373,2019-11-17,3,113
37,860,2018-7-5,2,95
154,1581,2017-7-25,2,134
277,1518,2019-11-3,3,91
298,1416,2015-9-17,1,125
179,1060,2020-8-15,1,163
243,677,2015-5-27,1,92
13,1362,2018-4-16,2,146
255,1527,2019-7-20,3,162
197,1722,2018-9-24,2,121
200,507,2017-4-12,1,149
68,761,2019-5-13,1,112
257,1781,2015-9-27,3,111
140,1234,2015-6-11,2,154
29,1304,2015-6-26,3,168
222,782,2019-12-23,2,145
162,1029,2020-9-22,3,168
293,1288,2018-5-17,3,128
118,1179,2017-9-14,1,92
127,578,2016-11-1,3,97
193,1573,2016-12-17,1,175
199,1287,2016-8-26,3,90
266,1539,2019-12-9,2,163
186,1251,2019-10-27,2,110
57,523,2018-10-11,2,170
118,1059,2017-1-19,3,178
171,861,2015-2-17,2,123
154,1521,2018-9-23,3,103
136,751,2016-5-21,1,121
107,1311,2017-4-10,2,115
3,1805,2016-12-16,2,110
108,356,2015-7-7,3,100
209,1486,2019-2-15,1,156
78,1800,2018-10-13,1,125
267,630,2019-12-23,1,104
262,857,2019-4-10,1,95
199,311,2017-7-10,3,172
200,836,2015-8-3,3,112
112,321,2017-12-16,3,106
44,746,2017-7-3,1,119
200,881,2015-5-27,1,172
293,974,2020-3-16,1,134
215,340,2020-3-3,1,166
278,1114,2015-3-22,3,167
118,1432,2017-10-22,3,121
61,624,2018-7-14,2,175
161,762,2020-5-11,3,97
183,344,2016-7-22,3,142
5,1112,2019-4-24,3,121
203,1746,2020-1-14,2,163
214,556,2019-3-18,1,100
257,1216,2017-9-27,1,163
262,425,2019-2-24,3,131
262,935,2018-8-19,1,129
109,1125,2018-7-3,1,143
181,1627,2017-1-26,3,142
297,1501,2017-9-4,3,131
59,801,2017-4-16,1,122
19,1619,2016-8-8,3,90
283,1658,2020-1-8,1,171
30,1629,2019-10-25,3,149
91,440,2020-10-25,1,130
211,1406,2016-12-17,3,177
134,421,2015-6-5,3,179
249,377,2019-4-26,2,142
171,616,2016-4-28,1,123
266,938,2016-10-13,2,130
187,1592,2020-7-1,2,153
139,311,2020-7-2,1,172
40,354,2019-2-3,2,97
8,596,2019-3-18,3,130
302,465,2015-12-13,2,151
160,1234,2016-1-9,2,179
94,709,2016-12-2,2,116
209,408,2017-3-13,3,137
197,558,2018-9-23,2,121
243,429,2020-8-22,3,161
241,770,2020-1-9,2,147
146,361,2018-5-20,1,111
161,1454,2017-5-22,3,130
221,329,2019-9-1,1,107
263,746,2015-3-18,3,115
182,1795,2020-3-23,3,157
188,1468,2020-6-3,3,178
95,590,2017-7-7,2,94
80,482,2016-12-23,3,99
42,1672,2020-1-23,3,103
242,1588,2020-12-19,2,116
108,888,2019-8-21,2,100
46,768,2018-8-15,2,155
78,1257,2018-11-24,3,167
266,1315,2019-11-21,1,152
165,314,2016-12-23,1,91
239,1526,2020-1-5,1,91
222,487,2018-6-11,3,100
68,534,2015-11-2,3,164
166,566,2020-1-12,1,109
167,687,2020-12-22,1,150
124,563,2015-5-25,2,104
209,1480,2015-5-6,1,102
180,1152,2020-9-18,1,121
156,508,2015-3-16,1,133
24,985,2016-10-19,3,92
117,1121,2016-5-5,2,138
46,1086,2015-5-24,1,93
200,1548,2016-11-8,2,110
87,451,2015-1-1,1,124
6,853,2017-7-15,2,94
28,1573,2016-4-4,3,117
54,1652,2020-12-4,2,147
300,752,2016-3-28,3,153
56,933,2018-3-4,1,92
45,923,2016-8-17,3,129
171,971,2016-6-25,3,105
227,429,2020-2-17,2,119
120,1388,2015-9-21,3,119
81,1371,2015-8-12,1,138
68,1437,2020-10-9,1,108
57,1627,2018-7-27,1,159
89,1315,2015-5-2,1,112
248,1238,2018-11-2,1,133
228,998,2017-12-23,1,130
271,1216,2015-6-17,3,106
161,575,2020-8-9,3,151
259,1767,2019-5-10,1,159
197,1467,2017-2-21,1,117
269,1363,2017-7-19,1,173
276,1766,2017-9-16,1,134
70,1657,2020-7-22,2,173
130,534,2015-11-11,2,113
213,364,2016-3-13,1,95
304,1170,2018-10-11,2,164
39,1240,2015-4-4,2,109
266,1704,2019-3-11,2,101
230,1084,2019-10-11,2,165
208,454,2018-7-23,3,153
288,366,2018-12-1,3,151
114,346,2020-4-4,1,173
297,517,2018-4-12,3,177
281,1438,2020-2-9,2,155
95,966,2018-12-18,2,128
69,1477,2015-7-3,2,94
134,915,2016-11-23,3,143
217,1074,2016-12-19,2,108
82,1353,2016-3-27,3,150
73,1044,2016-6-21,1,154
98,607,2017-7-2,2,143
128,1496,2019-5-22,2,124
178,1175,2016-2-24,2,168
274,1618,2019-8-13,2,99
65,1538,2018-12-16,3,129
167,1062,2016-12-25,1,103
306,533,2020-7-6,2,175
16,1789,2020-9-28,2,121
104,669,2019-11-16,1,133
132,1756,2019-9-19,2,107
297,1554,2017-9-17,1,143
71,1405,2017-2-25,3,102
250,1291,2018-2-12,1,119
264,1095,2018-1-19,1,178
106,818,2020-2-26,2,100
130,380,2018-4-23,1,168
6,352,2016-4-12,3,129
5,1315,2015-7-26,1,167
261,1243,2020-4-11,2,154
42,911,2015-9-6,3,174
39,1312,2020-8-20,2,128
67,1177,2018-6-20,3,171
106,1637,2017-3-23,2,113
145,1710,2015-12-6,2,174
8,1533,2020-4-3,2,107
127,1518,2020-3-1,2,120
154,319,2015-11-11,2,129
211,1686,2018-10-16,3,99
307,1594,2016-5-25,1,144
1,1472,2019-1-11,1,114
51,1708,2020-12-22,1,180
238,1520,2016-10-20,1,93
159,385,2016-12-24,3,166
88,826,2017-9-20,2,133
44,551,2015-9-27,1,97
28,622,2017-5-11,1,150
83,1211,2015-7-15,1,148
160,935,2015-11-7,2,100
272,313,2020-8-8,1,128
184,1166,2020-7-9,1,180
146,1034,2016-9-2,1,134
19,439,2019-8-18,2,97
128,582,2019-12-11,2,109
9,679,2015-8-19,2,130
2,1327,2015-8-10,3,141
221,653,2020-5-24,1,117
268,637,2019-4-25,2,173
104,1580,2018-5-16,2,148
271,920,2019-2-19,2,179
77,1561,2018-1-7,3,145
55,563,2020-4-21,1,155
182,1072,2019-8-9,3,162
141,993,2018-8-14,1,124
64,1207,2017-1-23,3,104
202,1176,2017-7-27,2,112
288,1413,2020-9-19,2,158
21,1751,2019-2-9,1,90
25,1019,2018-2-6,2,90
36,1639,2015-3-21,3,154
152,346,2016-6-8,2,120
8,1597,2020-12-16,3,102
137,1708,2020-1-21,3,143
30,511,2017-4-25,2,114
182,758,2019-12-3,2,141
57,1392,2015-8-16,2,137
306,1351,2020-12-21,1,93
168,1086,2015-1-11,1,124
137,1184,2020-9-19,3,148
194,1731,2017-11-6,3,107
47,1059,2018-12-25,3,154
9,699,2018-10-10,1,119
73,1713,2020-6-10,3,124
165,350,2016-10-7,1,143
206,850,2019-7-3,1,116
78,727,2020-3-22,2,115
181,1645,2017-5-19,3,180
293,576,2018-11-20,3,164
163,859,2017-5-8,3,167
272,858,2015-4-1,3,178
115,433,2019-8-1,3,104
73,1443,2016-11-21,1,93
232,1409,2015-2-23,3,153
170,1674,2015-3-25,1,140
158,1396,2018-12-28,1,158
173,1319,2020-2-19,3,163
227,759,2017-2-21,3,122
265,1420,2018-11-18,2,164
106,1662,2018-10-10,2,99
181,1066,2020-10-18,3,121
116,416,2018-1-17,2,110
192,798,2015-11-20,1,108
102,903,2017-1-8,2,91
295,477,2018-4-5,1,152
201,1415,2017-8-1,2,127
220,881,2020-2-7,3,131
54,1666,2017-4-3,3,139
258,868,2019-3-14,2,171
50,786,2020-1-28,2,98
284,1698,2015-6-21,1,129
207,409,2017-9-7,2,129
266,358,2016-4-3,1,131
1,607,2016-12-4,1,94
48,1779,2018-7-20,1,164
154,1299,2016-5-18,2,160
147,1538,2017-9-5,3,120
105,1640,2020-11-4,1,153
87,836,2020-4-3,3,138
200,1381,2020-4-14,1,130
155,1301,2018-6-16,2,112
89,1420,2015-10-13,2,164
144,992,2019-3-23,2,136
61,361,2020-11-5,1,139
52,752,2018-10-1,3,167
30,1453,2020-6-24,1,92
273,1347,2016-10-7,2,173
67,1532,2017-2-4,1,119
185,1187,2020-10-23,3,107
21,816,2018-4-3,2,178
261,1300,2019-11-11,2,160
243,1252,2015-2-10,1,122
265,1206,2016-1-10,1,122
113,941,2016-10-26,2,115
86,963,2016-2-13,2,115
120,332,2019-5-5,2,161
86,1585,2018-5-21,3,125
204,720,2017-5-4,3,94
170,588,2019-1-26,3,123
221,821,2020-1-25,3,168
245,573,2019-11-11,1,102
189,758,2016-2-5,1,96
49,1284,2018-11-9,2,90
67,872,2018-8-15,1,96
65,801,2020-10-26,2,158
64,1711,2015-2-18,3,113
291,879,2018-7-9,1,124
17,655,2020-10-28,1,170
141,1534,2019-1-25,1,120
114,1522,2019-1-10,2,110
161,599,2020-7-28,2,107
186,1755,2016-6-21,2,150
193,925,2015-1-27,2,107
204,1214,2020-1-24,2,176
255,1798,2019-8-12,3,150
79,470,2018-7-9,3,177
198,986,2019-10-13,1,118
163,496,2016-3-21,3,115
115,1738,2016-11-7,3,99
78,1605,2017-6-23,1,98
15,907,2018-4-19,3,123
73,482,2019-6-8,1,106
261,441,2016-4-2,2,148
296,1096,2016-11-19,2,124
33,314,2017-1-12,1,167
215,670,2017-5-25,3,93
89,909,2020-5-1,1,155
127,1633,2015-1-26,1,144
275,503,2019-3-1,3,172
84,1058,2016-7-6,2,108
249,472,2015-2-19,2,144
17,466,2015-1-7,3,102
209,1080,2018-9-17,3,141
30,363,2016-4-10,3,161
89,1751,2016-10-4,1,161
33,1102,2016-4-25,2,130
60,1367,2019-3-26,2,93
192,1749,2019-1-24,2,104
26,692,2015-9-19,2,129
148,847,2016-10-16,2,111
186,1793,2015-2-27,3,113
249,795,2018-8-19,3,101
284,1799,2015-7-25,3,148
37,375,2020-12-10,3,112
83,888,2020-9-18,1,153
304,1534,2020-10-6,1,140
195,1144,2015-7-23,2,90
107,981,2018-12-11,3,118
183,1319,2020-7-28,1,164
99,529,2018-8-9,3,135
164,858,2020-4-5,3,133
273,1136,2019-1-15,2,146
289,1786,2018-12-5,2,168
248,698,2017-7-3,3,107
36,738,2018-9-14,1,97
173,1121,2018-10-4,3,137
270,1380,2016-2-13,3,178
245,1472,2015-4-15,2,165
31,1708,2017-7-10,2,177
302,1229,2020-4-17,3,169
184,841,2015-11-21,3,143
206,369,2018-4-10,1,144
93,1236,2019-2-18,3,151
280,1377,2019-5-8,3,93
29,941,2020-11-16,2,106
104,583,2018-4-3,3,158
36,924,2019-11-12,3,136
8,1437,2016-11-8,2,157
143,1482,2020-11-13,1,164
86,1003,2020-10-9,1,107
196,1304,2017-7-19,1,135
77,1111,2020-10-16,2,162
6,1174,2018-7-4,3,111
95,1732,2017-2-1,2,146
103,939,2015-5-18,1,119
25,1414,2018-12-2,3,115
172,893,2019-9-25,3,109
150,728,2018-9-18,1,156
209,738,2015-3-6,3,128
136,1540,2016-11-5,3,106
86,1061,2017-6-24,1,124
141,1602,2018-4-18,2,94
139,1415,2018-10-1,3,108
248,1335,2020-6-13,3,130
93,1596,2016-11-13,1,132
286,842,2019-1-1,2,155
273,814,2018-5-21,2,131
285,553,2016-10-14,3,166
201,1570,2018-9-1,1,107
97,1344,2017-12-18,1,154
6,1792,2016-9-19,1,156
12,719,2018-6-13,3,173
285,424,2020-5-26,1,157
78,656,2015-6-8,2,164
234,622,2016-2-5,3,141
79,617,2017-12-12,3,166
182,719,2018-10-9,2,126
89,1596,2019-12-20,1,154
46,826,2017-4-4,1,114
208,1250,2015-6-2,1,111
278,1092,2020-1-20,3,118
14,1691,2020-2-14,3,143
161,1579,2020-9-25,2,116
5,1571,2016-11-2,3,167
19,1196,2020-6-7,1,125
68,356,2019-3-21,2,155
225,1737,2015-1-11,2,171
222,1310,2016-3-1,1,131
55,1022,2017-6-14,2,143
248,1192,2018-11-4,3,170
225,1240,2020-7-13,1,99
227,1403,2019-10-1,1,180
259,1632,2016-1-19,2,98
153,1564,2016-4-27,1,155
103,536,2018-4-24,1,108
36,1768,2017-4-22,3,139
296,898,2017-5-12,3,178
207,1703,2020-4-15,3,169
151,1341,2018-5-8,1,159
272,1558,2015-9-1,2,147
238,1416,2017-6-10,2,136
270,620,2018-1-13,3,172
14,1386,2015-5-25,1,156
223,1019,2017-3-9,2,142
48,341,2019-4-24,2,119
253,930,2016-2-23,1,136
83,1453,2020-6-2,3,116
28,1645,2019-6-18,1,114
259,1403,2016-12-14,2,99
203,444,2018-6-26,2,122
229,1333,2016-9-20,2,100
112,1060,2015-11-11,1,111
301,432,2020-2-19,3,175
175,1383,2020-1-22,3,164
119,925,2019-9-3,3,121
28,324,2018-6-26,3,105
259,1172,2017-1-15,1,151
280,1079,2019-6-19,2,118
201,1005,2019-1-21,2,146
11,335,2018-9-23,2,113
28,1229,2018-1-11,3,120
214,1756,2015-12-18,1,128
201,744,2017-2-26,2,173
304,1487,2020-12-19,2,137
30,1416,2015-9-1,1,152
228,665,2017-9-25,1,102
87,856,2019-4-2,3,126
175,399,2017-5-21,1,169
140,763,2015-3-12,2,114
167,1326,2017-3-19,3,104
271,1747,2019-1-25,1,156
283,1280,2019-9-4,1,110
173,888,2017-11-28,2,170
302,1044,2015-9-27,1,138
295,1324,2018-9-11,1,155
103,1372,2018-7-2,1,105
201,875,2018-12-24,2,157
263,1028,2017-9-4,3,148
22,560,2017-6-28,3,174
103,823,2016-1-27,3,140
31,1702,2019-2-9,1,169
211,1086,2017-1-19,2,127
151,1706,2020-6-8,2,175
272,506,2019-8-8,3,118
113,1674,2016-6-18,2,169
130,1777,2017-8-19,3,114
194,1434,2016-12-2,2,153
67,1406,2017-12-9,1,122
302,1213,2018-10-28,1,180
101,1722,2016-3-1,1,131
292,394,2019-7-5,3,95
147,1049,2015-9-19,2,146
130,1206,2016-5-27,2,94
13,936,2019-10-21,1,164
245,1138,2017-3-14,3,173
17,810,2017-5-12,2,139
210,1486,2019-10-7,2,134
190,552,2020-6-27,3,127
98,988,2017-8-10,3,103
308,1505,2018-11-15,3,108
93,850,2016-11-1,1,146
94,1732,2016-1-2,2,162
74,1794,2015-5-6,3,108
161,737,2017-7-10,1,173
219,335,2015-12-1,1,175
76,739,2018-2-23,3,139
198,732,2017-1-3,1,160
207,1735,2020-12-19,1,148
106,811,2020-4-18,3,90
56,1299,2015-2-14,2,108
162,570,2015-12-6,1,159
2,1277,2019-10-9,2,157
291,1703,2018-4-3,2,139
45,823,2016-12-3,1,169
280,999,2018-9-25,3,136
174,1205,2020-9-17,2,157
252,458,2017-3-17,3,98
173,1368,2015-6-8,1,103
223,1399,2016-11-11,2,172
170,636,2019-10-3,2,134
198,1115,2020-7-28,2,132
272,1413,2015-3-5,3,95
220,521,2017-4-19,3,178
254,1119,2016-11-28,1,145
194,622,2018-12-1,3,111
30,555,2018-8-7,3,161
182,1337,2015-8-28,1,110
238,796,2017-12-14,2,161
96,1204,2019-5-8,3,136
101,630,2020-6-3,3,95
203,1366,2015-7-10,1,179
24,1478,2019-10-16,1,116
150,871,2017-4-7,3,110
8,1020,2019-11-21,2,118
301,526,2018-5-5,2,160
263,597,2015-5-11,1,117
282,311,2016-2-7,3,177
273,1527,2016-7-4,3,176
224,1093,2017-8-22,3,167
169,1038,2019-9-4,1,178
179,1609,2019-3-21,2,96
261,1172,2017-6-2,1,93
111,1088,2017-10-12,3,156
224,1648,2016-12-10,1,116
43,913,2019-10-26,2,175
203,1098,2017-6-1,1,138
91,332,2019-5-8,2,168
206,983,2018-8-21,1,119
63,1776,2015-8-27,3,132
307,477,2017-4-1,1,154
241,1199,2015-7-24,1,116
293,322,2020-8-22,3,93
241,1112,2018-9-14,2,93
149,1348,2015-8-23,3,147
167,1470,2020-2-18,2,129
114,1523,2018-7-28,3,138
289,1243,2020-6-1,3,107
295,759,2016-9-18,2,164
138,1393,2019-6-17,1,91
290,958,2017-11-17,2,101
121,1696,2018-10-4,2,173
234,799,2017-9-24,3,102
75,1466,2015-12-6,2,141
92,480,2015-10-1,3,106
46,924,2020-2-28,2,178
117,834,2015-12-22,1,117
263,1599,2016-9-2,2,148
177,331,2016-3-20,2,155
236,1764,2016-7-25,1,93
109,1643,2017-4-1,2,117
115,1686,2015-10-15,3,137
181,322,2018-11-26,2,167
39,1465,2017-8-6,1,129
57,1099,2017-5-7,3,176
57,735,2015-4-2,3,98
103,1714,2017-8-24,2,170
286,1169,2015-2-8,2,173
43,672,2017-6-14,2,162
291,1054,2018-8-14,2,168
295,478,2015-11-27,3,112
297,1760,2017-5-22,1,109
215,659,2018-2-21,1,149
107,571,2015-8-26,3,133
135,354,2017-3-12,2,174
205,1510,2019-3-25,3,119
278,1444,2016-1-11,2,126
296,666,2017-9-27,2,116
99,1619,2018-9-21,3,107
309,425,2017-12-4,1,121
90,1384,2017-3-21,2,172
266,977,2019-3-23,2,173
214,960,2020-2-27,2,97
258,710,2017-8-9,2,140
183,1568,2015-11-11,3,145
164,394,2016-10-20,2,176
50,991,2020-2-22,1,164
194,707,2015-8-22,1,142
59,715,2016-5-21,2,132
142,990,2019-5-13,2,158
8,743,2016-10-5,1,95
275,613,2018-6-8,2,141
112,813,2015-1-25,2,123
123,1392,2020-5-13,2,96
75,1748,2015-3-13,1,144
154,1733,2020-7-18,2,93
69,368,2018-9-28,1,101
71,1071,2018-1-17,3,129
278,880,2015-1-5,2,136
126,929,2015-5-15,2,144
202,1173,2019-11-13,1,148
145,1772,2018-4-1,2,97
167,1120,2015-7-16,2,127
189,1319,2018-5-27,2,140
246,1495,2015-10-22,3,164
148,745,2019-2-13,3,96
310,1673,2015-7-4,3,90
193,1197,2016-9-22,1,151
101,352,2020-4-17,2,150
44,1619,2017-6-17,2,162
143,597,2018-8-9,1,133
253,1474,2015-6-4,2,150
116,718,2016-5-2,3,139
244,1239,2018-1-8,3,132
18,1543,2015-11-7,2,128
40,1331,2016-1-13,1,176
229,1542,2020-4-2,3,94
154,857,2017-10-6,3,90
209,732,2015-12-4,1,170
196,597,2020-2-13,1,161
76,322,2017-12-19,2,180
277,564,2015-5-20,3,104
181,868,2016-3-26,2,160
102,682,2019-12-2,1,173
19,1212,2015-7-11,1,99
187,885,2017-10-26,1,152
34,491,2020-1-2,1,119
148,1735,2019-2-11,1,118
85,1294,2015-3-14,1,152
103,395,2019-6-8,1,161
267,1552,2020-6-28,2,158
91,436,2017-8-28,1,173
113,1023,2020-2-1,2,175
166,1757,2017-12-10,1,169
2,487,2016-2-23,1,167
212,666,2017-6-20,1,150
310,746,2015-3-15,1,97
10,961,2015-9-19,2,158
175,1104,2020-8-14,2,146
23,1021,2018-8-11,2,135
74,353,2018-12-16,1,122
283,559,2015-6-1,1,136
23,798,2019-4-9,1,95
280,397,2016-12-3,2,127
90,622,2017-10-23,3,178
84,1043,2019-5-9,1,94
239,1340,2017-1-2,2,107
210,1592,2015-7-15,3,125
299,1285,2017-9-3,1,137
294,1508,2017-5-15,2,102
23,946,2019-9-11,1,176
237,1615,2015-7-17,2,177
107,524,2020-7-3,1,94
210,1032,2018-4-15,2,151
90,1249,2020-2-20,1,97
60,1531,2020-3-12,2,127
158,1294,2018-5-4,3,170
112,695,2016-4-16,1,99
136,988,2017-6-1,2,120
284,1437,2018-3-28,3,145
252,1789,2016-4-4,2,144
64,1412,2018-4-4,2,96
158,884,2016-9-8,3,124
254,1255,2016-11-22,1,124
265,1736,2015-6-21,3,179
222,1722,2016-12-6,3,155
228,1533,2020-10-18,1,133
244,1713,2015-3-13,2,165
85,887,2017-6-6,1,145
76,1360,2019-5-14,3,128
80,1572,2019-1-13,1,136
243,1546,2017-1-22,2,164
139,626,2019-4-18,3,173
286,424,2018-5-7,2,134
23,919,2019-9-15,2,138
220,1508,2017-9-16,3,104
132,1540,2017-5-15,1,150
95,1073,2018-10-12,1,166
104,1556,2018-1-19,2,168
112,947,2018-11-1,3,121
243,1555,2018-9-13,2,154
5,1661,2015-3-5,1,115
244,1576,2020-11-5,2,161
73,1264,2015-1-22,3,173
185,382,2015-4-10,1,145
296,1280,2018-1-24,1,156
226,1591,2015-4-5,3,137
164,1643,2020-3-20,3,139
113,502,2018-3-13,3,176
147,1140,2020-11-28,3,115
288,585,2018-3-28,2,162
242,1507,2015-9-2,3,159
178,1797,2017-7-19,2,161
285,1284,2018-4-28,1,167
201,895,2017-12-17,1,107
300,1687,2019-12-16,3,94
190,1098,2016-4-4,1,109
203,482,2015-9-19,3,163
159,1199,2016-5-25,3,96
303,353,2018-4-24,1,168
238,1019,2020-9-22,1,108
165,1748,2017-11-27,3,163
283,1693,2019-2-8,3,177
114,1195,2015-5-22,1,106
141,1394,2020-9-1,2,117
40,1241,2018-7-27,2,147
142,1583,2017-5-28,3,148
92,432,2020-7-22,3,178
66,873,2020-9-27,3,95
301,822,2017-1-27,1,109
109,524,2019-9-16,1,162
112,1116,2017-1-12,3,97
189,426,2017-6-6,2,121
296,389,2019-4-21,1,102
207,1302,2020-1-13,1,176
261,1732,2019-2-7,2,170
304,485,2019-9-9,3,135
286,1070,2018-7-27,2,136
54,1788,2017-3-18,2,156
146,500,2019-7-7,2,124
266,1342,2020-11-10,3,100
74,1146,2020-6-17,1,135
239,546,2020-1-11,2,151
138,737,2015-10-1,3,178
291,1114,2018-3-17,3,133
199,1546,2019-5-2,1,105
172,969,2016-8-18,2,94
278,1560,2015-11-25,1,169
257,1709,2017-11-17,2,116
147,978,2020-5-2,2,174
116,385,2018-6-21,2,131
111,1594,2020-6-28,1,160
304,1156,2016-6-8,2,94
168,736,2017-5-25,2,102
257,739,2015-1-2,3,106
22,741,2020-8-18,1,148
7,944,2015-11-11,1,128
159,1378,2016-5-24,1,127
287,790,2016-10-4,3,167
72,460,2016-2-14,2,176
39,734,2020-9-2,3,144
245,444,2018-5-9,2,113
21,642,2015-7-27,3,176
78,1321,2017-12-27,1,141
46,1260,2018-12-23,2,165
53,483,2017-1-21,1,142
144,959,2016-3-8,1,154
66,484,2017-5-24,1,171
41,683,2020-3-7,1,156
161,1114,2020-10-25,2,116
296,323,2017-10-28,3,124
192,1019,2017-1-9,1,118
308,1352,2020-5-22,2,157
251,426,2018-9-10,3,146
285,935,2020-6-14,2,169
73,1354,2015-7-15,2,171
165,578,2015-12-25,2,166
204,407,2018-11-15,3,168
53,1219,2015-10-23,1,108
207,1389,2020-4-6,1,104
121,420,2016-4-12,3,121
133,1694,2018-10-15,3,136
222,808,2017-12-9,2,96
291,597,2018-4-3,3,155
64,879,2017-6-4,3,144
150,1253,2018-10-2,2,106
240,971,2019-7-3,3,172
239,705,2016-7-19,3,104
5,517,2017-12-17,2,149
15,662,2020-5-11,1,157
256,1735,2019-1-8,2,100
247,797,2016-11-18,3,174
283,1077,2017-8-9,1,172
112,1492,2016-2-6,2,142
69,680,2016-6-24,1,162
95,1381,2016-10-18,3,147
17,1588,2018-9-27,2,104
153,807,2016-1-12,3,129
170,1330,2020-1-8,1,94
85,720,2018-3-10,3,114
128,1173,2016-6-22,1,92
110,536,2016-8-25,3,101
25,542,2017-9-26,2,136
215,383,2019-10-19,3,90
6,422,2020-3-6,3,175
243,546,2019-6-8,2,148
199,382,2018-3-10,2,151
67,1198,2017-12-25,1,92
29,634,2015-8-22,1,168
187,418,2018-12-14,2,167
167,1741,2016-2-15,3,173
51,416,2015-7-26,2,120
56,619,2019-8-4,1,138
248,428,2018-3-9,2,180
193,734,2018-7-17,1,144
233,1559,2020-4-4,3,103
60,1373,2017-2-3,1,162
206,1444,2020-5-11,1,133
71,1362,2020-10-21,1,119
73,603,2017-4-3,2,100
147,577,2015-1-3,3,154
282,881,2015-5-16,1,99
90,1516,2015-7-9,2,175
113,1681,2016-2-15,2,130
24,698,2015-11-4,2,121
70,530,2015-7-7,3,127
27,461,2016-4-26,1,138
26,691,2018-2-17,2,118
251,334,2018-7-11,2,96
217,1009,2017-4-3,1,127
272,1314,2018-11-3,2,101
307,1208,2020-9-15,1,130
62,984,2019-1-13,1,146
277,688,2020-1-15,3,151
44,814,2017-10-9,3,179
123,726,2015-6-26,1,140
34,1002,2016-12-8,1,94
10,361,2015-1-1,1,130
94,717,2016-5-7,2,122
79,1274,2017-10-20,1,118
183,1774,2018-2-7,1,130
297,1520,2019-7-7,2,179
152,729,2018-5-2,1,108
102,1021,2020-12-27,3,178
178,918,2019-2-1,2,159
19,1448,2018-5-25,2,130
150,1580,2020-4-17,3,180
60,999,2016-8-1,2,110
25,342,2018-9-2,2,132
99,926,2016-6-9,1,166
282,683,2019-10-17,1,108
201,1581,2020-4-11,3,111
299,462,2015-10-4,1,154
293,661,2018-6-5,2,92
208,1199,2019-7-22,3,149
30,867,2019-12-4,1,94
199,1617,2016-10-25,1,154
308,1108,2020-12-19,2,170
248,1423,2015-6-5,1,139
79,567,2016-2-14,1,141
273,932,2020-5-8,3,127
95,614,2019-10-17,1,123
71,969,2019-7-6,1,159
107,1500,2019-6-3,1,180
137,1310,2017-8-5,2,122
278,361,2015-3-19,2,124
129,1551,2019-9-26,3,116
179,711,2016-4-12,3,91
109,1193,2015-6-1,1,119
248,828,2020-7-10,1,165
121,1482,2020-1-6,3,107
89,1681,2016-5-28,2,178
180,860,2016-2-28,1,161
248,468,2020-7-15,3,165
188,470,2020-7-14,2,177
178,1518,2019-6-3,1,99
69,700,2019-5-5,1,157
87,531,2020-5-23,3,120
258,1399,2015-4-23,1,156
197,1396,2017-6-22,1,139
181,783,2015-12-13,1,92
202,1430,2020-3-18,1,104
159,962,2019-8-19,3,110
113,428,2020-7-17,1,140
43,1393,2017-8-13,3,139
118,1212,2017-11-4,3,153
53,1273,2015-4-26,1,175
266,1000,2015-2-22,2,152
34,330,2015-1-22,3,111
220,629,2015-1-12,3,145
287,1548,2015-5-6,1,96
207,981,2017-9-6,1,97
33,1318,2015-12-14,3,165
182,1495,2017-4-25,2,154
209,427,2020-10-1,2,127
176,1512,2019-3-18,1,177
143,1745,2019-8-5,1,177
31,361,2020-8-24,3,159
82,614,2018-6-12,2,137
185,966,2019-6-11,2,94
289,1691,2015-5-25,1,172
15,1193,2019-4-13,1,166
252,817,2019-4-25,2,135
275,920,2020-11-10,2,149
257,1302,2019-4-15,1,179
247,1120,2020-6-10,2,180
122,1716,2020-10-1,2,115
159,1312,2020-5-7,2,147
22,1541,2017-7-8,1,114
235,358,2017-12-7,3,155
140,728,2015-10-21,1,111
89,1221,2016-5-5,1,179
123,655,2015-2-16,1,124
52,325,2018-7-15,2,116
223,834,2016-1-27,3,154
285,446,2019-6-4,2,166
183,879,2018-9-4,1,129
250,456,2015-1-6,2,169
242,469,2017-1-10,1,151
116,855,2020-5-26,1,138
224,434,2019-7-7,2,169
151,1580,2018-3-16,2,135
84,1174,2018-8-16,3,105
210,657,2018-5-2,2,132
109,787,2017-12-13,3,148
265,1718,2020-3-3,1,107
90,688,2019-5-27,1,104
191,1490,2017-4-14,2,125
1,1372,2017-8-1,1,142
47,959,2017-6-25,3,102
234,1085,2017-3-13,1,148
306,914,2017-8-5,1,172
190,1129,2017-11-11,3,94
12,1552,2019-9-5,2,111
133,1220,2016-8-20,3,105
14,1567,2020-3-11,3,159
53,1137,2016-5-25,2,174
145,1118,2019-9-24,2,131
227,1437,2017-3-11,2,179
277,439,2020-1-1,3,109
193,1514,2018-3-4,3,157
293,804,2016-5-11,3,137
223,1321,2018-7-28,2,145
92,326,2019-11-11,3,174
275,910,2015-5-11,1,103
63,992,2017-11-21,1,128
140,1245,2018-10-11,1,126
92,1720,2017-12-19,2,101
284,975,2017-9-24,1,159
115,1021,2017-12-22,3,94
133,961,2015-6-16,2,171
203,452,2017-12-8,1,171
290,1636,2016-7-13,2,155
111,641,2015-9-19,3,163
299,1672,2020-4-7,2,172
225,546,2018-4-25,2,148
122,1232,2015-2-27,2,91
306,1755,2018-10-23,3,163
45,1788,2017-5-6,3,104
286,840,2019-2-15,3,101
169,1738,2018-7-3,2,148
247,1221,2017-3-22,2,128
167,1423,2020-4-3,3,180
98,459,2017-4-23,1,143
131,776,2016-3-26,2,140
56,1289,2017-2-9,3,120
260,687,2015-7-1,1,114
66,1336,2017-5-13,3,99
195,962,2020-2-22,2,126
203,1425,2018-3-16,1,118
175,1425,2019-3-20,3,135
250,977,2019-1-26,1,108
146,365,2020-3-4,2,172
185,1589,2018-3-12,2,104
62,757,2015-2-7,1,150
33,1222,2016-6-7,2,152
8,402,2019-3-16,1,96
236,1105,2018-6-2,2,137
117,1049,2015-8-21,2,150
139,745,2017-1-11,3,138
20,435,2019-3-4,1,107
80,624,2015-2-6,3,165
122,442,2015-7-2,2,105
210,550,2017-5-6,2,136
54,1128,2017-2-2,2,165
132,667,2020-9-21,3,132
233,1512,2017-5-23,2,165
50,1679,2017-11-17,1,132
24,1261,2016-10-15,3,119
67,580,2017-10-10,3,98
163,1344,2019-10-10,1,104
107,339,2015-12-14,1,166
258,1200,2015-9-5,3,168
95,1710,2016-6-24,2,117
308,992,2018-8-20,3,95
107,560,2018-4-26,1,124
192,621,2018-8-18,1,138
35,884,2020-7-19,3,180
129,716,2019-12-2,1,176
189,998,2017-9-23,1,154
239,1750,2015-2-3,2,129
92,1256,2019-12-20,2,156
263,808,2017-12-11,1,170
40,1343,2018-2-2,2,174
18,557,2016-12-7,2,176
52,809,2016-4-17,1,120
156,916,2018-10-21,2,99
21,1727,2018-12-8,1,104
170,1673,2015-6-18,1,150
175,763,2016-12-4,3,96
208,467,2020-4-28,1,168
12,929,2019-12-8,2,126
284,725,2015-12-4,1,179
125,810,2018-3-28,1,150
299,1066,2017-2-16,1,95
88,1011,2020-5-6,3,90
251,1342,2015-11-10,2,103
63,550,2018-6-6,3,146
183,1691,2018-3-9,3,145
100,396,2015-12-28,1,147
218,1178,2020-2-19,3,165
41,1137,2015-1-17,3,136
121,964,2020-10-15,1,129
133,1724,2016-6-5,3,124
218,1650,2020-4-5,2,141
53,1564,2017-6-2,2,142
182,1456,2015-3-18,1,132
125,1174,2016-4-18,1,133
282,332,2019-4-22,2,117
16,1109,2018-10-28,1,174
185,1202,2020-11-9,1,150
233,694,2019-4-16,3,177
102,1549,2019-4-17,1,178
125,863,2017-9-1,3,95
226,904,2020-12-14,1,106
71,1448,2016-7-23,1,110
218,1202,2018-5-24,3,153
146,1343,2018-2-13,2,112
119,335,2018-11-28,1,90
87,1488,2015-8-13,3,157
121,613,2016-5-16,3,108
109,505,2020-3-11,2,100
2,429,2016-4-28,1,179
145,985,2016-6-1,1,138
35,421,2018-10-11,1,142
142,1087,2017-6-16,1,150
110,783,2020-7-9,2,178
112,1048,2018-2-26,3,145
125,1575,2019-8-15,1,162
83,452,2019-11-8,1,135
137,1044,2016-5-20,2,92
262,440,2017-8-21,1,163
211,853,2016-6-24,3,142
307,1185,2017-6-27,3,112
36,1045,2018-5-16,2,163
270,1653,2017-9-12,1,113
36,610,2019-4-13,1,113
9,447,2019-1-19,3,164
160,1065,2019-10-14,1,114
10,1079,2019-3-5,3,179
277,584,2020-7-9,1,146
121,1079,2020-6-3,3,109
126,1692,2015-2-1,3,137
78,1108,2016-4-8,1,177
20,1535,2017-1-22,3,152
101,1718,2015-9-16,3,123
4,1481,2015-5-2,3,178
284,738,2020-7-12,2,108
271,1360,2019-5-7,1,106
179,1132,2016-9-15,3,161
23,440,2015-7-18,3,139
224,1379,2018-3-26,3,137
115,493,2017-9-10,2,169
140,1203,2018-3-10,3,131
254,788,2020-6-2,3,133
44,1679,2017-9-25,3,169
43,476,2020-8-2,3,130
310,918,2015-12-4,2,164
267,1522,2020-9-1,3,104
82,1333,2019-10-5,1,107
59,500,2019-7-4,3,138
33,1411,2020-6-13,2,125
111,921,2017-11-16,2,105
79,1437,2015-2-16,1,93
127,953,2020-3-5,3,139
69,1013,2019-5-17,2,99
140,441,2020-2-18,2,95
79,1035,2018-1-16,1,133
145,1701,2020-11-28,1,127
264,879,2020-4-1,3,111
181,1299,2016-6-20,2,128
271,1067,2017-12-2,2,99
240,1769,2020-1-13,2,107
159,1199,2020-12-19,3,99
83,1524,2020-6-11,3,179
268,524,2018-9-23,1,102
273,467,2018-8-28,1,102
70,1051,2020-11-28,2,94
255,369,2015-6-4,3,107
199,1110,2015-10-23,1,112
217,712,2015-10-8,1,128
301,338,2016-2-5,3,112
281,1645,2020-5-16,1,91
180,1773,2017-8-26,2,152
32,874,2020-9-4,2,107
184,1324,2018-6-2,3,109
254,411,2015-4-8,2,135
301,969,2016-9-23,2,113
204,863,2017-6-8,3,105
3,598,2015-2-27,1,124
86,1281,2018-11-20,1,91
146,494,2016-5-6,3,130
257,533,2017-9-28,1,139
78,833,2015-5-12,3,92
243,1254,2016-5-23,3,167
246,1253,2019-10-23,2,124
137,1559,2016-12-21,1,91
67,1037,2015-1-23,2,163
237,1003,2016-1-28,2,137
11,1244,2020-9-5,2,144
44,1499,2015-3-3,3,137
119,437,2018-10-23,2,160
104,400,2018-4-2,2,139
248,1512,2020-3-9,2,142
101,1575,2018-1-24,3,118
283,469,2019-9-22,3,91
2,340,2020-10-28,3,162
242,1256,2020-12-3,3,97
56,1487,2016-3-28,2,97
263,1774,2017-7-26,3,163
176,956,2018-1-11,2,109
292,1197,2019-7-20,3,116
231,611,2020-6-26,3,127
295,1371,2019-10-17,1,101
43,1343,2015-10-11,2,180
274,1193,2015-3-7,1,111
57,398,2015-2-11,2,154
297,576,2020-3-25,2,139
225,639,2019-12-18,2,105
44,1508,2015-8-28,2,136
32,598,2016-3-24,1,160
178,1004,2018-2-13,1,138
170,1564,2019-9-25,3,150
161,980,2019-8-13,3,127
118,598,2020-7-6,1,125
204,338,2015-10-25,1,103
43,1483,2016-10-2,1,120
147,1706,2019-9-9,3,159
268,1155,2015-7-3,1,115
109,1263,2017-3-23,3,125
151,497,2015-10-28,2,173
237,705,2018-9-26,1,180
96,748,2016-8-7,1,128
254,833,2017-7-8,2,137
132,769,2020-1-19,2,177
97,317,2018-12-7,1,127
28,443,2019-10-25,2,171
162,1673,2019-12-2,2,167
52,463,2016-9-27,1,99
52,1451,2016-3-15,2,152
154,1329,2016-5-17,2,107
156,1782,2020-2-19,1,166
40,562,2016-6-23,1,106
47,1535,2019-12-4,3,121
11,1008,2016-2-19,3,128
91,1796,2018-9-7,3,108
23,1250,2015-5-2,2,168
103,1329,2016-2-19,1,165
192,1437,2018-7-11,2,175
149,914,2016-9-12,2,146
90,1630,2020-10-20,2,116
39,529,2019-1-14,3,164
153,1131,2018-12-28,1,119
267,720,2018-7-8,1,115
213,1711,2018-5-6,2,150
48,1804,2017-1-11,2,106
173,1249,2015-1-13,3,112
96,506,2018-4-6,2,113
193,370,2016-2-20,1,115
133,1182,2018-5-4,3,108
295,486,2018-12-24,1,134
82,1137,2020-2-17,1,179
270,898,2017-6-13,1,130
181,851,2015-12-18,1,131
303,961,2017-2-8,3,165
229,868,2020-4-27,3,120
81,1748,2019-10-7,3,174
53,1731,2020-9-25,2,166
260,1395,2020-8-2,2,144
93,445,2017-3-25,2,138
164,671,2020-5-23,3,174
301,767,2016-9-9,2,137
106,870,2018-4-13,3,164
100,1614,2017-12-4,1,112
91,1683,2016-12-21,3,140
105,1099,2016-3-27,1,111
100,754,2020-12-17,1,138
43,1118,2018-5-9,2,173
120,1638,2015-3-23,3,136
133,443,2019-2-24,1,93
155,1639,2017-6-28,3,136
136,438,2015-10-22,1,175
169,575,2020-5-12,1,109
292,1099,2015-11-7,3,112
164,1114,2017-5-18,3,158
105,1035,2018-3-21,1,147
292,1095,2016-10-27,2,100
240,662,2018-11-12,3,172
63,1174,2016-5-15,3,129
31,478,2019-12-19,1,157
89,674,2016-7-23,1,172
146,1100,2019-3-4,3,101
21,798,2017-8-21,1,164
121,1257,2020-11-10,1,155
287,555,2020-11-28,3,107
291,464,2019-4-27,3,173
90,1393,2019-10-15,3,105
93,1756,2017-3-15,2,154
271,1772,2016-9-11,2,102
87,1552,2020-5-17,3,136
87,1253,2017-1-22,2,126
25,1696,2017-8-1,2,158
279,825,2018-9-26,2,159
292,430,2017-7-8,2,125
102,1077,2020-10-11,2,105
232,512,2018-3-28,1,159
142,1112,2016-5-4,3,175
161,1717,2016-4-22,3,149
188,1270,2015-2-1,3,124
50,430,2020-2-19,3,175
231,445,2015-12-6,2,119
254,638,2016-8-7,2,154
284,829,2017-8-16,1,148
70,1155,2017-3-7,3,159
94,778,2015-3-2,2,175
209,1257,2020-7-6,1,145
284,550,2020-10-23,1,176
69,819,2019-7-10,2,178
59,1691,2020-10-6,3,174
23,915,2019-7-15,3,92
11,1574,2017-10-3,3,103
296,946,2020-4-12,2,104
110,719,2015-9-24,1,132
287,769,2015-6-7,2,92
245,954,2019-3-22,1,169
230,971,2019-11-19,1,92
210,1735,2019-2-3,1,150
178,880,2015-7-22,3,140
29,888,2019-7-20,2,145
206,832,2015-1-24,1,169
16,890,2015-4-12,2,138
262,1186,2017-1-23,1,172
7,1702,2015-12-14,1,108
202,442,2017-12-7,2,90
48,884,2015-4-2,3,140
296,659,2019-3-23,2,110
164,825,2018-12-23,3,150
87,329,2019-8-3,3,150
174,433,2017-6-1,1,104
30,862,2020-5-3,1,127
280,1604,2018-3-15,2,107
297,948,2019-10-28,1,93
199,1747,2017-2-21,1,129
280,506,2019-6-11,1,151
48,798,2019-6-8,3,160
137,621,2015-4-18,3,172
285,1634,2020-3-18,2,139
70,1516,2016-10-22,2,139
300,804,2020-7-4,2,99
67,769,2015-9-1,2,158
192,537,2020-5-26,3,122
303,967,2017-8-18,1,160
199,419,2019-11-25,3,129
65,1505,2018-7-14,3,162
243,1318,2018-8-24,2,175
218,1612,2017-8-9,2,126
101,915,2019-10-20,2,120
286,842,2016-8-13,2,93
190,544,2019-3-24,1,153
237,1079,2015-8-8,1,97
223,1598,2018-11-16,3,123
212,625,2018-9-12,2,110
224,670,2017-10-8,2,110
226,1097,2019-7-4,1,101
242,1265,2016-6-24,3,169
35,472,2015-6-14,1,174
159,1786,2016-6-7,3,164
163,1476,2016-1-6,2,108
29,1083,2020-12-7,2,139
150,837,2016-12-9,2,177
88,392,2020-9-7,2,143
175,1308,2018-6-18,1,173
83,1351,2018-2-21,3,96
221,1417,2017-9-24,1,102
154,623,2020-3-9,2,101
214,1652,2015-11-18,3,149
37,961,2015-6-15,2,140
57,452,2015-11-21,1,157
93,958,2017-2-16,3,163
107,748,2020-8-17,1,164
126,505,2016-11-26,2,116
142,539,2015-9-22,1,126
194,542,2020-6-12,1,162
249,502,2015-4-17,1,166
219,570,2020-8-23,2,131
66,1395,2018-5-5,1,135
27,1089,2018-12-21,2,180
192,1270,2015-2-5,3,165
46,1111,2020-8-18,3,167
130,993,2019-6-24,2,119
133,1209,2017-12-12,3,137
243,642,2016-7-2,1,115
16,1085,2018-5-3,3,115
261,311,2017-3-27,2,173
177,1477,2015-8-19,3,167
35,628,2018-4-20,3,159
254,1120,2019-7-7,3,126
140,424,2019-5-3,1,158
26,718,2019-7-25,3,99
195,881,2017-4-25,3,97
37,483,2020-12-11,2,158
69,1394,2019-6-4,3,168
152,1646,2020-12-16,1,154
144,1676,2015-10-3,1,93
21,957,2015-9-22,1,136
30,395,2016-6-17,3,155
4,1373,2017-3-8,2,151
283,593,2015-8-21,1,129
307,394,2020-3-22,3,177
188,1716,2017-10-6,1,128
44,703,2020-6-6,2,94
271,1438,2017-10-13,3,174
149,812,2019-11-2,2,116
231,735,2015-9-18,2,128
302,697,2016-2-8,3,165
213,1098,2017-9-7,3,131
157,1788,2016-8-18,2,178
68,603,2018-8-13,3,157
123,1131,2018-7-3,2,102
305,1572,2018-5-22,1,125
278,672,2015-1-4,1,108
38,1324,2019-1-9,2,169
304,757,2020-9-17,2,101
201,1585,2016-8-16,3,162
253,1290,2019-8-26,2,144
133,1045,2017-2-7,2,157
292,1627,2019-10-14,2,180
119,1194,2015-11-19,3,106
213,814,2015-1-17,1,124
122,1219,2019-5-8,3,102
201,1743,2015-5-2,3,143
226,907,2017-3-11,1,167
234,1761,2019-4-8,3,95
52,1488,2019-12-8,1,127
284,1380,2020-2-21,1,175
177,846,2016-5-26,1,180
154,889,2019-4-27,2,105
130,399,2018-8-2,2,122
238,1632,2015-1-12,1,107
115,526,2019-6-26,3,117
56,1737,2015-3-12,3,161
231,704,2019-8-7,1,126
140,1050,2018-3-5,2,120
82,324,2019-3-11,3,174
83,557,2015-8-21,1,154
310,793,2016-10-19,2,170
67,1644,2015-3-28,1,134
75,1225,2017-9-22,3,141
203,615,2018-3-20,1,95
155,1347,2017-4-26,1,173
245,1087,2015-8-24,3,107
127,393,2015-8-24,3,119
160,543,2019-12-12,2,153
35,609,2020-10-6,3,120
163,1053,2015-3-13,3,168
32,1577,2020-1-19,1,109
43,1380,2015-11-22,2,96
303,1158,2020-5-9,2,112
293,1407,2018-4-18,2,180
81,851,2018-3-3,2,172
47,344,2018-6-9,1,158
150,370,2016-5-25,1,108
216,1317,2016-5-4,2,96
22,548,2018-4-6,3,138
176,572,2018-5-18,3,124
166,1661,2016-3-21,3,135
35,803,2019-1-6,3,153
111,1241,2016-12-11,2,157
108,1193,2020-6-11,2,172
11,446,2015-1-17,2,143
20,849,2015-10-18,3,179
170,983,2018-1-9,2,153
151,492,2019-7-1,2,114
173,1560,2019-12-8,2,107
92,870,2019-7-17,3,162
109,394,2020-4-7,2,135
87,764,2015-11-21,2,115
305,1724,2020-1-17,3,92
109,1125,2017-5-16,3,168
152,607,2016-1-8,2,118
26,1115,2015-4-3,1,106
223,942,2020-2-20,1,172
262,1576,2016-4-17,2,91
279,373,2017-9-13,3,170
204,973,2020-10-18,1,163
210,456,2019-7-15,1,128
60,1714,2018-11-12,2,119
259,1019,2018-1-22,3,119
109,1472,2018-9-15,3,106
297,741,2020-5-22,3,102
263,1482,2019-4-22,1,178
57,1245,2017-6-3,1,120
130,1111,2015-1-17,3,153
136,1667,2019-5-18,1,161
220,1173,2015-2-19,3,96
74,1066,2019-3-2,1,120
52,1679,2017-12-17,3,132
29,1805,2019-12-19,1,177
199,1018,2015-10-22,2,157
214,497,2016-6-7,3,126
14,1413,2015-9-8,2,94
307,952,2015-1-15,1,92
8,1635,2019-12-7,1,175
143,1348,2020-3-9,3,103
164,1665,2016-12-26,2,97
79,804,2017-3-26,1,119
251,1567,2017-11-16,3,117
108,777,2017-12-10,2,116
90,546,2020-5-17,2,132
82,1745,2020-6-9,1,104
228,1805,2020-3-16,2,161
6,463,2019-3-19,2,164
89,519,2016-3-21,1,119
173,1527,2017-12-28,3,172
144,1000,2015-8-22,3,126
53,1524,2016-4-7,3,137
100,879,2015-7-22,2,95
187,660,2019-8-23,2,154
214,909,2019-3-17,1,125
299,1503,2018-5-22,1,152
11,730,2016-6-3,3,161
217,588,2018-8-11,2,168
221,1671,2018-2-20,3,92
299,1425,2019-9-26,2,158
184,1256,2016-1-2,3,174
225,1251,2015-4-3,2,180
218,584,2017-4-12,2,115
290,1171,2020-2-9,2,91
15,1024,2019-5-19,2,157
123,1334,2017-2-8,3,99
159,772,2020-4-14,3,153
241,1496,2018-2-28,1,96
277,894,2016-12-3,1,170
290,1518,2016-3-19,2,150
296,1004,2018-7-7,2,115
240,1759,2020-3-12,3,130
131,819,2016-3-26,1,130
258,718,2017-10-11,1,151
135,788,2016-12-3,3,120
39,496,2016-10-11,1,133
124,870,2017-5-16,3,118
131,1271,2015-5-22,1,169
73,1472,2015-6-7,2,177
126,1127,2015-5-23,3,101
248,714,2020-10-4,1,144
178,677,2016-9-9,3,134
293,1726,2018-4-13,3,117
68,1706,2016-4-13,2,112
234,577,2016-11-14,1,112
215,915,2017-12-9,2,139
95,1018,2017-10-9,1,146
243,1653,2020-12-18,2,127
100,333,2020-7-3,2,167
181,1533,2018-2-28,3,141
79,1599,2020-9-18,1,161
204,1045,2016-7-22,2,132
117,361,2017-7-9,1,98
130,1034,2018-9-11,1,177
3,995,2017-6-20,3,112
9,1569,2015-7-24,3,133
227,1165,2017-11-21,3,123
91,1229,2017-5-28,3,120
276,571,2015-9-3,1,176
112,1784,2015-4-3,2,166
189,956,2018-10-7,1,135
84,581,2015-2-2,3,138
286,1468,2019-1-7,1,139
45,1380,2015-12-12,3,95
222,1466,2020-8-4,3,144
282,612,2019-2-21,2,169
140,1515,2020-11-1,2,102
222,1099,2017-3-21,2,145
125,1204,2020-6-3,2,135
166,796,2018-6-6,3,125
202,1610,2020-4-6,2,109
277,1538,2020-11-22,3,130
297,631,2018-12-3,3,170
105,383,2020-4-16,3,170
89,1649,2018-6-4,3,112
49,474,2020-6-20,1,115
184,404,2017-12-10,1,157
169,1410,2017-9-16,3,117
33,1182,2018-1-23,3,166
226,835,2018-9-26,2,113
143,829,2017-5-3,1,142
145,1152,2015-6-18,2,98
307,1723,2017-4-26,1,106
220,929,2018-4-14,1,116
11,1532,2019-2-2,1,134
84,1525,2020-9-26,3,173
96,543,2017-9-2,3,109
267,898,2019-1-24,3,145
33,1591,2015-12-21,1,156
208,460,2015-6-25,2,102
2,1178,2015-8-11,3,148
59,1358,2018-9-25,1,93
32,1446,2017-11-25,3,159
173,1447,2020-5-10,2,130
191,1522,2019-6-25,1,165
261,1545,2020-10-14,2,163
171,1367,2016-12-13,3,134
238,467,2017-5-21,1,101
222,531,2016-3-17,1,93
23,672,2015-2-22,1,154
105,1035,2020-2-15,3,154
272,637,2019-5-13,3,111
117,1348,2015-6-23,1,94
92,609,2018-6-12,1,148
270,992,2019-11-21,3,171
250,1416,2018-2-27,3,144
239,1121,2020-1-24,2,98
88,1802,2018-6-13,2,175
80,1197,2017-12-9,1,108
184,797,2019-11-27,1,164
133,714,2018-6-10,2,93
189,1735,2015-7-23,1,167
186,1352,2020-12-23,2,148
120,1331,2018-10-25,3,134
192,1732,2017-3-5,2,125
107,1016,2018-11-19,3,112
184,362,2015-11-10,2,96
21,1010,2019-9-11,2,130
288,932,2016-12-28,2,123
237,1028,2015-4-5,1,129
19,1417,2020-3-3,2,175
140,1780,2015-10-12,3,110
120,985,2020-2-2,2,93
216,328,2020-1-3,3,158
146,663,2015-6-25,1,143
50,699,2020-3-23,1,109
137,1500,2016-3-17,2,112
185,1786,2020-8-21,1,163
30,1680,2017-7-23,1,151
208,444,2017-1-28,1,107
205,1254,2016-7-18,1,104
30,1716,2015-9-17,2,139
105,1763,2016-7-24,2,108
276,1063,2016-10-19,2,106
93,786,2017-4-16,1,129
54,463,2020-3-13,1,178
204,445,2019-5-24,1,125
286,1062,2016-7-11,2,107
239,1258,2016-6-19,1,173
126,698,2020-11-7,2,160
189,666,2019-3-12,1,132
113,530,2015-7-24,1,103
183,1398,2015-5-14,2,124
32,1330,2015-6-5,1,117
263,724,2019-5-26,1,159
148,1232,2019-3-15,3,139
196,830,2019-1-4,2,106
61,1684,2018-8-28,2,137
97,1250,2020-1-6,1,145
67,1114,2018-1-3,3,91
112,1201,2018-10-4,1,109
274,743,2016-10-22,3,130
102,947,2019-6-24,2,159
258,1405,2017-12-7,3,90
85,1257,2015-6-17,2,98
298,1455,2016-10-9,2,146
92,1654,2019-12-10,2,135
50,971,2015-10-3,1,171
272,799,2018-10-14,3,149
218,732,2019-8-7,2,144
70,1504,2015-3-4,2,138
130,782,2017-1-24,1,146
175,1457,2016-5-22,2,114
274,1407,2015-1-3,2,111
222,1472,2019-7-25,2,149
125,1293,2020-4-5,1,123
301,1687,2015-4-23,3,165
80,1056,2017-3-8,1,97
296,1061,2018-10-13,1,151
162,1720,2020-9-24,1,121
253,1127,2017-12-4,1,112
132,1659,2017-6-24,1,90
255,620,2020-8-18,1,151
8,591,2018-8-20,3,138
270,1151,2020-5-17,2,148
144,1715,2017-1-3,2,178
180,420,2019-3-20,2,140
48,1110,2020-8-8,2,154
66,1380,2017-3-11,2,121
62,940,2019-8-21,1,149
119,1121,2016-6-5,3,109
181,743,2018-3-13,3,159
23,862,2018-8-17,3,112
62,1792,2016-1-11,1,111
194,614,2019-7-19,2,155
248,1547,2018-8-15,1,113
98,1251,2017-6-18,1,112
280,1071,2015-2-3,3,163
48,898,2017-9-4,1,123
157,1611,2020-6-3,2,127
20,1492,2019-8-11,1,146
120,374,2015-5-22,2,145
140,1781,2020-7-2,2,148
51,555,2017-3-8,1,116
16,854,2017-2-7,2,172
75,1726,2020-4-28,3,102
87,568,2016-12-22,3,111
30,371,2016-7-18,1,152
5,1060,2019-7-22,3,132
34,1164,2016-6-14,2,109
198,716,2017-6-13,1,121
130,402,2017-10-14,1,104
285,1303,2019-11-8,1,133
46,1542,2019-3-22,1,97
174,1088,2020-12-9,1,152
50,1577,2016-10-16,2,141
228,1568,2017-6-18,3,160
166,318,2016-6-13,3,136
304,419,2020-1-13,2,139
176,520,2019-6-5,2,107
112,937,2020-4-25,1,137
228,992,2018-2-20,2,92
276,499,2017-5-16,3,176
181,890,2019-11-21,2,141
159,404,2019-2-15,3,167
259,324,2015-10-19,2,120
307,1800,2018-9-9,2,133
265,849,2020-3-8,3,96
163,1216,2015-9-11,3,140
231,1358,2017-7-27,1,119
117,1347,2020-6-14,2,133
128,1710,2020-6-25,1,131
204,1801,2020-5-10,2,153
125,1719,2015-9-7,2,164
26,586,2016-1-15,2,139
143,1320,2016-5-9,2,100
260,1564,2020-4-5,1,160
143,470,2017-9-9,2,164
291,1805,2015-10-14,1,176
66,1411,2017-8-12,2,137
247,1599,2015-2-22,2,176
15,1255,2018-7-15,3,154
256,844,2015-3-26,2,114
252,1075,2018-1-11,1,158
42,1799,2020-2-20,2,144
116,1277,2018-12-5,1,150
107,806,2020-12-9,3,157
243,1172,2017-3-18,1,159
94,841,2020-3-6,3,160
296,1483,2016-12-25,3,108
263,1431,2020-6-10,1,132
81,1395,2016-9-17,2,123
84,1148,2017-5-28,2,103
1,1694,2016-5-5,2,136
5,1465,2019-7-16,3,173
165,826,2016-1-4,1,111
133,686,2016-3-1,2,135
184,1181,2020-12-6,3,119
129,524,2015-3-11,1,129
10,1670,2017-8-2,3,94
143,1259,2020-11-13,2,172
213,522,2017-9-22,3,133
28,359,2019-7-14,2,156
7,505,2020-6-6,2,135
287,459,2016-1-11,2,167
277,818,2015-7-7,2,150
210,782,2016-8-24,3,142
182,626,2019-5-7,1,95
234,1456,2016-11-12,2,123
99,630,2016-3-7,2,132
161,1676,2020-2-24,1,112
162,1231,2017-11-12,3,140
98,1517,2020-9-17,2,177
95,724,2018-1-10,2,158
30,1063,2016-7-6,3,166
271,411,2015-8-3,2,97
119,379,2020-5-1,1,100
67,1473,2018-8-15,2,153
65,1076,2015-12-2,1,120
196,1486,2020-1-16,3,104
25,545,2018-7-23,2,159
199,1435,2019-5-24,3,130
203,1485,2017-8-20,3,166
41,1001,2017-8-5,1,125
298,527,2019-8-16,1,157
207,367,2018-5-9,2,134
156,1490,2015-10-22,1,122
69,660,2020-10-2,3,103
116,1195,2017-7-2,3,103
234,1092,2015-1-4,1,110
219,1006,2017-7-4,1,145
41,1264,2018-8-27,3,156
208,595,2019-9-22,3,156
277,1320,2016-2-11,1,152
146,491,2015-7-28,2,112
92,1160,2019-5-28,1,105
29,1430,2018-11-4,3,107
154,1649,2015-3-24,1,111
213,1560,2016-7-23,2,102
29,906,2016-2-20,1,128
303,1354,2017-9-1,1,170
106,651,2019-7-22,1,129
265,1684,2015-3-14,3,164
172,1342,2020-7-18,1,90
120,1235,2018-8-11,1,125
146,1515,2018-4-18,1,120
2,1683,2016-4-16,3,133
203,883,2015-3-28,2,174
160,1735,2016-5-9,3,114
206,1396,2017-7-8,3,165
189,1007,2015-7-5,1,125
214,1778,2016-4-9,2,124
285,814,2017-11-13,2,122
167,608,2017-12-8,3,143
258,410,2020-1-5,2,162
184,1755,2019-2-15,1,93
48,1109,2017-3-16,2,130
233,987,2015-4-19,1,180
111,1143,2020-2-4,2,107
238,1276,2019-8-15,1,177
161,1683,2020-4-1,2,170
37,715,2015-10-24,3,95
185,1113,2020-8-21,2,157
68,1323,2017-4-19,2,113
118,1661,2016-5-25,1,151
203,485,2016-4-16,3,137
84,1181,2015-5-15,3,99
58,1425,2019-9-5,1,169
296,1025,2016-10-8,3,90
217,907,2020-9-18,2,150
129,846,2017-8-12,2,97
193,744,2017-9-8,2,115
171,635,2020-8-18,3,118
101,1564,2016-8-8,1,96
36,482,2017-7-14,1,155
13,1330,2019-4-17,1,180
11,1463,2020-8-12,2,137
40,1612,2017-8-6,1,135
251,583,2019-6-26,2,121
55,1755,2017-6-7,3,118
194,1554,2018-4-6,2,129
135,1313,2018-5-3,2,94
168,627,2020-12-25,3,148
299,548,2020-12-22,3,164
80,379,2018-11-8,3,115
181,1360,2017-4-25,2,91
106,1673,2019-10-14,2,96
6,442,2015-9-11,3,170
126,477,2015-10-13,1,155
236,1266,2017-11-3,2,111
254,1667,2019-5-19,3,152